method,budget,seed,n_entities,n_sources,n_records,n_attacked_records,n_duplicates,operators,trust_alpha,attack_mode,cell_accuracy,integrated_quality,aggregate_distortion,data_quality_score,attack_success_reduction,runtime_sec,n_output_rows,entity_precision,entity_recall,entity_f1,duplicate_output_rate,missing_entity_rate,false_positive_rate,false_negative_rate,repair_precision,repair_recall,group_precision,group_recall,group_f1
dependency_truth,0.0,0,300,12,2349,0,0,all,1.0,coordinated,0.9976190476190476,0.9976190476190476,0.0014279472116474,1.0,0.9912257378542714,0.9849035480001476,300.0,1.0,1.0,1.0,0.0,0.0,0.0008021000437509,0.0029314767314034,0.99597364568082,0.9970685232685964,1.0,1.0,1.0
iterative_truth,0.0,0,300,12,2349,0,0,all,1.0,coordinated,0.998095238095238,0.998095238095238,0.0006253157199818,1.0,0.9961576422390044,0.4520716089991765,300.0,1.0,1.0,1.0,0.0,0.0,0.0004375091147732,0.0021986075485525,0.9978013924514474,0.9978013924514474,0.0,0.0,0.0
majority,0.0,0,300,12,2349,0,0,all,1.0,coordinated,0.9976190476190476,0.9976190476190476,0.01436109835788,1.0,0.9117558123543988,0.2058788329995877,300.0,1.0,1.0,1.0,0.0,0.0,0.0005104273005687,0.0029314767314034,0.997434017595308,0.9970685232685964,0.0,0.0,0.0
no_repair,0.0,0,300,12,2349,0,0,all,1.0,coordinated,0.7866666666666666,0.7866666666666666,0.1627427113449769,0.7644444444444445,0.0,0.1464492850000169,300.0,1.0,1.0,1.0,0.0,0.0,0.185212191920665,0.1839501648955661,0.4671701279630795,0.8160498351044339,0.0,0.0,0.0
outlier_removal,0.0,0,300,12,2349,0,0,all,1.0,coordinated,0.9976190476190476,0.9976190476190476,0.01436109835788,1.0,0.9117558123543988,0.2745435280003221,300.0,1.0,1.0,1.0,0.0,0.0,0.0005104273005687,0.0029314767314034,0.997434017595308,0.9970685232685964,0.0,0.0,0.0
parc,0.0,0,300,12,2349,0,0,all,1.0,coordinated,0.9976190476190476,0.9976190476190476,0.0014279472116474,1.0,0.9912257378542714,1.0166844140003377,300.0,1.0,1.0,1.0,0.0,0.0,0.0008021000437509,0.0029314767314034,0.99597364568082,0.9970685232685964,1.0,1.0,1.0
provenance_unaware,0.0,0,300,12,2349,0,0,all,1.0,coordinated,0.9961904761904762,0.9961904761904762,0.0049659111452963,0.9966666666666668,0.9694861225780502,0.1769421170001806,300.0,1.0,1.0,1.0,0.0,0.0,0.0012396091585241,0.0032979113228288,0.9937888198757764,0.9967020886771712,0.0,0.0,0.0
random_weighting,0.0,0,300,12,2349,0,0,all,1.0,coordinated,0.9928571428571428,0.9928571428571428,0.0298071749011072,0.9955555555555556,0.8168447935101502,0.1867364359995917,300.0,1.0,1.0,1.0,0.0,0.0,0.0026250546886393,0.0091608647856357,0.9868613138686132,0.9908391352143644,0.0,0.0,0.0
rule_only,0.0,0,300,12,2349,0,0,all,1.0,coordinated,0.9976190476190476,0.9976190476190476,0.01436109835788,1.0,0.9117558123543988,0.2603023680003389,300.0,1.0,1.0,1.0,0.0,0.0,0.0005104273005687,0.0029314767314034,0.997434017595308,0.9970685232685964,0.0,0.0,0.0
source_dependence,0.0,0,300,12,2349,0,0,all,1.0,coordinated,0.99,0.99,0.01489103175535,0.9955555555555556,0.908499547338962,0.2560174250002092,300.0,1.0,1.0,1.0,0.0,0.0,0.0051771911914831,0.0120923415170392,0.9743404409107336,0.9879076584829608,1.0,1.0,1.0
standard_fd,0.0,0,300,12,2349,0,0,all,1.0,coordinated,0.9976190476190476,0.9976190476190476,0.01436109835788,1.0,0.9117558123543988,0.1995552360003785,300.0,1.0,1.0,1.0,0.0,0.0,0.0005104273005687,0.0029314767314034,0.997434017595308,0.9970685232685964,0.0,0.0,0.0
dependency_truth,0.0,1,300,12,2288,0,0,all,1.0,coordinated,0.9971428571428572,0.9971428571428572,0.0122439430107984,1.0,0.8185863007875989,0.6403095200003008,300.0,1.0,1.0,1.0,0.0,0.0,0.0012396091585241,0.0060816681146828,0.9926247288503254,0.9939183318853172,1.0,1.0,1.0
iterative_truth,0.0,1,300,12,2288,0,0,all,1.0,coordinated,0.9990476190476192,0.9990476190476192,0.0113233859998465,1.0,0.8322258328031756,0.9084213950000048,300.0,1.0,1.0,1.0,0.0,0.0,0.0004375091147732,0.0026064291920069,0.9973935708079932,0.9973935708079932,0.0,0.0,0.0
majority,0.0,1,300,12,2288,0,0,all,1.0,coordinated,0.9976190476190476,0.9976190476190476,0.0004554155827204,0.9977777777777778,0.9932522860105252,0.2365557329994772,300.0,1.0,1.0,1.0,0.0,0.0,0.0006562636721598,0.0047784535186794,0.9960869565217392,0.9952215464813206,0.0,0.0,0.0
no_repair,0.0,1,300,12,2288,0,0,all,1.0,coordinated,0.9028571428571428,0.9028571428571428,0.0674918325570499,0.8655555555555555,0.0,0.1858775549999336,300.0,1.0,1.0,1.0,0.0,0.0,0.0803558407466822,0.1012163336229365,0.652475559760328,0.8987836663770634,0.0,0.0,0.0
outlier_removal,0.0,1,300,12,2288,0,0,all,1.0,coordinated,0.9985714285714286,0.9985714285714286,0.0004554155827204,1.0,0.9932522860105252,0.4409859190000134,300.0,1.0,1.0,1.0,0.0,0.0,0.0003645909289776,0.0030408340573414,0.9978260869565218,0.9969591659426584,0.0,0.0,0.0
parc,0.0,1,300,12,2288,0,0,all,1.0,coordinated,0.9971428571428572,0.9971428571428572,0.0122439430107984,1.0,0.8185863007875989,0.6343683240002065,300.0,1.0,1.0,1.0,0.0,0.0,0.0012396091585241,0.0060816681146828,0.9926247288503254,0.9939183318853172,1.0,1.0,1.0
provenance_unaware,0.0,1,300,12,2288,0,0,all,1.0,coordinated,0.998095238095238,0.998095238095238,0.0113233859998465,0.9955555555555556,0.8322258328031756,0.3317513399997551,300.0,1.0,1.0,1.0,0.0,0.0,0.0006562636721598,0.0034752389226759,0.9960920538428136,0.996524761077324,0.0,0.0,0.0
random_weighting,0.0,1,300,12,2288,0,0,all,1.0,coordinated,0.9966666666666668,0.9966666666666668,0.017680325801856,0.9966666666666668,0.738037550144884,0.2151941199999782,300.0,1.0,1.0,1.0,0.0,0.0,0.0008750182295464,0.0047784535186794,0.9947894051237516,0.9952215464813206,0.0,0.0,0.0
rule_only,0.0,1,300,12,2288,0,0,all,1.0,coordinated,0.9985714285714286,0.9985714285714286,0.0004554155827204,1.0,0.9932522860105252,0.2613350210003773,300.0,1.0,1.0,1.0,0.0,0.0,0.0003645909289776,0.0030408340573414,0.9978260869565218,0.9969591659426584,0.0,0.0,0.0
source_dependence,0.0,1,300,12,2288,0,0,all,1.0,coordinated,0.9914285714285714,0.9914285714285714,0.0210528904300734,0.9944444444444444,0.6880675834031071,0.3016421619995526,300.0,1.0,1.0,1.0,0.0,0.0,0.0037188274755724,0.0134665508253692,0.9780361757105944,0.9865334491746308,1.0,1.0,1.0
standard_fd,0.0,1,300,12,2288,0,0,all,1.0,coordinated,0.9985714285714286,0.9985714285714286,0.0004554155827204,1.0,0.9932522860105252,0.2737696530002722,300.0,1.0,1.0,1.0,0.0,0.0,0.0003645909289776,0.0030408340573414,0.9978260869565218,0.9969591659426584,0.0,0.0,0.0
dependency_truth,0.0,2,300,12,2343,0,0,all,1.0,coordinated,0.998095238095238,0.998095238095238,0.0188482029953168,1.0,0.8707486355861025,0.9077285839994148,300.0,1.0,1.0,1.0,0.0,0.0,0.000741399762752,0.0020597322348094,0.9965718203633872,0.9979402677651904,1.0,1.0,1.0
iterative_truth,0.0,2,300,12,2343,0,0,all,1.0,coordinated,0.9985714285714286,0.9985714285714286,0.0146114408386733,1.0,0.8998021898999753,0.4802199249998011,300.0,1.0,1.0,1.0,0.0,0.0,0.0004448398576512,0.0013731548232063,0.9979416809605488,0.9986268451767936,0.0,0.0,0.0
majority,0.0,2,300,12,2343,0,0,all,1.0,coordinated,0.9985714285714286,0.9985714285714286,0.0,1.0,1.0,0.2171473839998725,300.0,1.0,1.0,1.0,0.0,0.0,0.0002965599051008,0.0013731548232063,0.9986268451767936,0.9986268451767936,0.0,0.0,0.0
no_repair,0.0,2,300,12,2343,0,0,all,1.0,coordinated,0.7428571428571429,0.7428571428571429,0.1458259499293161,0.7044444444444444,0.0,0.1496619539993844,300.0,1.0,1.0,1.0,0.0,0.0,0.2221233689205219,0.2135255750085822,0.4333270285606204,0.7864744249914177,0.0,0.0,0.0
outlier_removal,0.0,2,300,12,2343,0,0,all,1.0,coordinated,0.9985714285714286,0.9985714285714286,0.0,1.0,1.0,0.2759349410007417,300.0,1.0,1.0,1.0,0.0,0.0,0.0002965599051008,0.0013731548232063,0.9986268451767936,0.9986268451767936,0.0,0.0,0.0
parc,0.0,2,300,12,2343,0,0,all,1.0,coordinated,0.998095238095238,0.998095238095238,0.0188482029953168,1.0,0.8707486355861025,1.7230475190008292,300.0,1.0,1.0,1.0,0.0,0.0,0.000741399762752,0.0020597322348094,0.9965718203633872,0.9979402677651904,1.0,1.0,1.0
provenance_unaware,0.0,2,300,12,2343,0,0,all,1.0,coordinated,0.9971428571428572,0.9971428571428572,0.0179730018380761,0.9955555555555556,0.8767503188095952,0.2365848099998402,300.0,1.0,1.0,1.0,0.0,0.0,0.0011862396204033,0.002403020940611,0.9945242984257358,0.9975969790593888,0.0,0.0,0.0
random_weighting,0.0,2,300,12,2343,0,0,all,1.0,coordinated,0.9966666666666668,0.9966666666666668,0.0146114408386733,0.9944444444444444,0.8998021898999753,0.1865237199999683,300.0,1.0,1.0,1.0,0.0,0.0,0.0010379596678529,0.0030895983522142,0.9952021932830706,0.9969104016477858,0.0,0.0,0.0
rule_only,0.0,2,300,12,2343,0,0,all,1.0,coordinated,0.9985714285714286,0.9985714285714286,0.0,1.0,1.0,0.1878898120003214,300.0,1.0,1.0,1.0,0.0,0.0,0.0002965599051008,0.0013731548232063,0.9986268451767936,0.9986268451767936,0.0,0.0,0.0
source_dependence,0.0,2,300,12,2343,0,0,all,1.0,coordinated,0.9866666666666668,0.9866666666666668,0.0187927174314567,0.9933333333333332,0.871129127287936,0.2527086079999208,300.0,1.0,1.0,1.0,0.0,0.0,0.0075622775800711,0.0164778578784757,0.9656218402426694,0.9835221421215242,1.0,1.0,1.0
standard_fd,0.0,2,300,12,2343,0,0,all,1.0,coordinated,0.9985714285714286,0.9985714285714286,0.0,1.0,1.0,0.201343837999957,300.0,1.0,1.0,1.0,0.0,0.0,0.0002965599051008,0.0013731548232063,0.9986268451767936,0.9986268451767936,0.0,0.0,0.0
dependency_truth,0.0,3,300,12,2363,0,0,all,1.0,coordinated,0.9971428571428572,0.9971428571428572,0.0025628705659534,1.0,0.9788874854569274,0.9977734759995656,300.0,1.0,1.0,1.0,0.0,0.0,0.0013431358687968,0.0029227557411273,0.992106356460324,0.9970772442588728,1.0,1.0,1.0
iterative_truth,0.0,3,300,12,2363,0,0,all,1.0,coordinated,0.9995238095238096,0.9995238095238096,0.0,1.0,1.0,0.5719001119996392,300.0,1.0,1.0,1.0,0.0,0.0,7.06913615156228e-05,0.0004175365344467,0.9995824634655532,0.9995824634655532,0.0,0.0,0.0
majority,0.0,3,300,12,2363,0,0,all,1.0,coordinated,0.9976190476190476,0.9976190476190476,0.0034219361772421,1.0,0.97181064144743,0.3138771809999525,300.0,1.0,1.0,1.0,0.0,0.0,0.0006362222536406,0.0041753653444676,0.9962406015037594,0.9958246346555324,0.0,0.0,0.0
no_repair,0.0,3,300,12,2363,0,0,all,1.0,coordinated,0.8147619047619048,0.8147619047619048,0.1213910621932253,0.7788888888888889,0.0,0.2137539360001028,300.0,1.0,1.0,1.0,0.0,0.0,0.1534002544889014,0.1853862212943632,0.4734287794224702,0.8146137787056368,0.0,0.0,0.0
outlier_removal,0.0,3,300,12,2363,0,0,all,1.0,coordinated,0.9976190476190476,0.9976190476190476,0.0034219361772421,1.0,0.97181064144743,0.6403331739993519,300.0,1.0,1.0,1.0,0.0,0.0,0.0006362222536406,0.0041753653444676,0.9962406015037594,0.9958246346555324,0.0,0.0,0.0
parc,0.0,3,300,12,2363,0,0,all,1.0,coordinated,0.9971428571428572,0.9971428571428572,0.0025628705659534,1.0,0.9788874854569274,0.6688250639999751,300.0,1.0,1.0,1.0,0.0,0.0,0.0013431358687968,0.0029227557411273,0.992106356460324,0.9970772442588728,1.0,1.0,1.0
provenance_unaware,0.0,3,300,12,2363,0,0,all,1.0,coordinated,0.9985714285714286,0.9985714285714286,0.0014489949129875,0.9977777777777778,0.988063413509958,0.381248964000406,300.0,1.0,1.0,1.0,0.0,0.0,0.0004948395306093,0.0012526096033402,0.9970821175489788,0.9987473903966596,0.0,0.0,0.0
random_weighting,0.0,3,300,12,2363,0,0,all,1.0,coordinated,0.9952380952380953,0.9952380952380953,0.006213904962446,0.9944444444444444,0.9488108527087846,0.2827125660005549,300.0,1.0,1.0,1.0,0.0,0.0,0.001484518591828,0.0075156576200417,0.9912427022518766,0.9924843423799582,0.0,0.0,0.0
rule_only,0.0,3,300,12,2363,0,0,all,1.0,coordinated,0.9976190476190476,0.9976190476190476,0.0034219361772421,1.0,0.97181064144743,0.2946103169997514,300.0,1.0,1.0,1.0,0.0,0.0,0.0006362222536406,0.0041753653444676,0.9962406015037594,0.9958246346555324,0.0,0.0,0.0
source_dependence,0.0,3,300,12,2363,0,0,all,1.0,coordinated,0.9942857142857144,0.9942857142857144,0.0016831533786888,0.9966666666666668,0.9861344538199224,0.2987901549995513,300.0,1.0,1.0,1.0,0.0,0.0,0.0023328149300155,0.0083507306889352,0.9862956810631228,0.9916492693110648,1.0,1.0,1.0
standard_fd,0.0,3,300,12,2363,0,0,all,1.0,coordinated,0.9976190476190476,0.9976190476190476,0.0034219361772421,1.0,0.97181064144743,0.2823305410001921,300.0,1.0,1.0,1.0,0.0,0.0,0.0006362222536406,0.0041753653444676,0.9962406015037594,0.9958246346555324,0.0,0.0,0.0
dependency_truth,0.0,4,300,12,2241,0,0,all,1.0,coordinated,1.0,1.0,0.0,1.0,1.0,0.6105328539999846,300.0,1.0,1.0,1.0,0.0,0.0,0.0,0.0,1.0,1.0,1.0,1.0,1.0
iterative_truth,0.0,4,300,12,2241,0,0,all,1.0,coordinated,1.0,1.0,0.0,1.0,1.0,0.4312568909999754,300.0,1.0,1.0,1.0,0.0,0.0,0.0,0.0,1.0,1.0,0.0,0.0,0.0
majority,0.0,4,300,12,2241,0,0,all,1.0,coordinated,1.0,1.0,0.0,1.0,1.0,0.2189720549999947,300.0,1.0,1.0,1.0,0.0,0.0,0.0,0.0,1.0,1.0,0.0,0.0,0.0
no_repair,0.0,4,300,12,2241,0,0,all,1.0,coordinated,0.9033333333333332,0.9033333333333332,0.0856886035233603,0.8477777777777777,0.0,0.1528123649999884,300.0,1.0,1.0,1.0,0.0,0.0,0.0814877910278251,0.1357098186366479,0.5462450592885375,0.8642901813633521,0.0,0.0,0.0
outlier_removal,0.0,4,300,12,2241,0,0,all,1.0,coordinated,1.0,1.0,0.0,1.0,1.0,0.2801765439999713,300.0,1.0,1.0,1.0,0.0,0.0,0.0,0.0,1.0,1.0,0.0,0.0,0.0
parc,0.0,4,300,12,2241,0,0,all,1.0,coordinated,1.0,1.0,0.0,1.0,1.0,0.6045519449999688,300.0,1.0,1.0,1.0,0.0,0.0,0.0,0.0,1.0,1.0,1.0,1.0,1.0
provenance_unaware,0.0,4,300,12,2241,0,0,all,1.0,coordinated,0.9995238095238096,0.9995238095238096,0.0,0.9977777777777778,1.0,0.1800807860000191,300.0,1.0,1.0,1.0,0.0,0.0,0.0002129471890971,0.0012507817385866,0.998125,0.9987492182614134,0.0,0.0,0.0
random_weighting,0.0,4,300,12,2241,0,0,all,1.0,coordinated,1.0,1.0,0.0,1.0,1.0,0.1909204249999447,300.0,1.0,1.0,1.0,0.0,0.0,0.0,0.0,1.0,1.0,0.0,0.0,0.0
rule_only,0.0,4,300,12,2241,0,0,all,1.0,coordinated,1.0,1.0,0.0,1.0,1.0,0.2050289900000166,300.0,1.0,1.0,1.0,0.0,0.0,0.0,0.0,1.0,1.0,0.0,0.0,0.0
source_dependence,0.0,4,300,12,2241,0,0,all,1.0,coordinated,0.9966666666666668,0.9966666666666668,0.0003366603291088,0.9911111111111112,0.9960711189672145,0.2498457810000331,300.0,1.0,1.0,1.0,0.0,0.0,0.0016325951164111,0.0056285178236397,0.9857408555486672,0.9943714821763602,1.0,1.0,1.0
standard_fd,0.0,4,300,12,2241,0,0,all,1.0,coordinated,1.0,1.0,0.0,1.0,1.0,0.1959086470000102,300.0,1.0,1.0,1.0,0.0,0.0,0.0,0.0,1.0,1.0,0.0,0.0,0.0
dependency_truth,0.05,0,300,12,2359,27,10,all,1.0,coordinated,0.9957142857142856,0.9957142857142856,0.0022791289085091,1.0,0.988957763330352,0.7001957610000318,300.0,1.0,1.0,1.0,0.0,0.0,0.0018301610541727,0.0063091482649842,0.9912587412587412,0.9936908517350158,1.0,0.7777777777777778,0.8750000000000001
iterative_truth,0.05,0,300,12,2359,27,10,all,1.0,coordinated,0.9961904761904762,0.9961904761904762,0.0088592348185004,1.0,0.9570775627422236,0.765691049000452,300.0,1.0,1.0,1.0,0.0,0.0,0.0013177159590043,0.0070101647388713,0.9936864258155034,0.9929898352611286,0.0,0.0,0.0
majority,0.05,0,300,12,2359,27,10,all,1.0,coordinated,0.9957142857142856,0.9957142857142856,0.0147212368849164,0.9977777777777778,0.9286765302540384,0.2217698730000847,300.0,1.0,1.0,1.0,0.0,0.0,0.0013177159590043,0.0087627059235892,0.9936753338018272,0.9912372940764108,0.0,0.0,0.0
no_repair,0.05,0,300,12,2359,27,10,all,1.0,coordinated,0.7652380952380953,0.7652380952380953,0.2064010197113264,0.7444444444444445,0.0,0.1417740260003483,300.0,1.0,1.0,1.0,0.0,0.0,0.2040263543191801,0.1913774973711882,0.4528857479387514,0.8086225026288117,0.0,0.0,0.0
outlier_removal,0.05,0,300,12,2359,27,10,all,1.0,coordinated,0.9961904761904762,0.9961904761904762,0.0147212368849164,1.0,0.9286765302540384,0.2745047750004232,300.0,1.0,1.0,1.0,0.0,0.0,0.0010980966325036,0.0066596565019277,0.9947349947349948,0.9933403434980722,0.0,0.0,0.0
parc,0.05,0,300,12,2359,27,10,all,1.0,coordinated,0.9957142857142856,0.9957142857142856,0.0022791289085091,1.0,0.988957763330352,0.6100030770003286,300.0,1.0,1.0,1.0,0.0,0.0,0.0018301610541727,0.0063091482649842,0.9912587412587412,0.9936908517350158,1.0,0.7777777777777778,0.8750000000000001
provenance_unaware,0.05,0,300,12,2359,27,10,all,1.0,coordinated,0.991904761904762,0.991904761904762,0.0112954834325525,0.9922222222222222,0.9452740909499844,0.1770852919999015,300.0,1.0,1.0,1.0,0.0,0.0,0.0041727672035139,0.0143708377146862,0.9801324503311258,0.9856291622853136,0.0,0.0,0.0
random_weighting,0.05,0,300,12,2359,27,10,all,1.0,coordinated,0.988095238095238,0.988095238095238,0.0383258528431788,0.99,0.8143136458493199,0.1899317969991898,300.0,1.0,1.0,1.0,0.0,0.0,0.005710102489019,0.0203294777427269,0.9728506787330315,0.979670522257273,0.0,0.0,0.0
rule_only,0.05,0,300,12,2359,27,10,all,1.0,coordinated,0.9961904761904762,0.9961904761904762,0.0147212368849164,1.0,0.9286765302540384,0.1871183869998276,300.0,1.0,1.0,1.0,0.0,0.0,0.0010980966325036,0.0066596565019277,0.9947349947349948,0.9933403434980722,0.0,0.0,0.0
source_dependence,0.05,0,300,12,2359,27,10,all,1.0,coordinated,0.991904761904762,0.991904761904762,0.0125750037806466,0.9977777777777778,0.9390748950841707,0.2542298130001654,300.0,1.0,1.0,1.0,0.0,0.0,0.0041727672035139,0.0087627059235892,0.9802426343154246,0.9912372940764108,1.0,0.7777777777777778,0.8750000000000001
standard_fd,0.05,0,300,12,2359,27,10,all,1.0,coordinated,0.9961904761904762,0.9961904761904762,0.0147212368849164,1.0,0.9286765302540384,0.1931124359998648,300.0,1.0,1.0,1.0,0.0,0.0,0.0010980966325036,0.0066596565019277,0.9947349947349948,0.9933403434980722,0.0,0.0,0.0
dependency_truth,0.05,1,300,12,2298,29,10,all,1.0,coordinated,0.9966666666666668,0.9966666666666668,0.0217515459690107,1.0,0.7944817848293602,0.8869312130000253,300.0,1.0,1.0,1.0,0.0,0.0,0.0013191645291315,0.0061450225317492,0.992635024549918,0.9938549774682508,1.0,1.0,1.0
iterative_truth,0.05,1,300,12,2298,29,10,all,1.0,coordinated,0.9985714285714286,0.9985714285714286,0.0208309889580589,1.0,0.8031796141295477,0.4479893420002554,300.0,1.0,1.0,1.0,0.0,0.0,0.0005130084279956,0.0028676771814829,0.997132322818517,0.997132322818517,0.0,0.0,0.0
majority,0.05,1,300,12,2298,29,10,all,1.0,coordinated,0.9971428571428572,0.9971428571428572,0.0099630185409328,0.9977777777777778,0.9058649996114446,0.2030651370005216,300.0,1.0,1.0,1.0,0.0,0.0,0.0007328691828508,0.0049160180253994,0.99589995899959,0.9950839819746006,0.0,0.0,0.0
no_repair,0.05,1,300,12,2298,29,10,all,1.0,coordinated,0.8709523809523809,0.8709523809523809,0.1058375577607592,0.8422222222222222,0.0,0.1459839689996442,300.0,1.0,1.0,1.0,0.0,0.0,0.1114694027116159,0.1142974190905366,0.5870214499049687,0.8857025809094633,0.0,0.0,0.0
outlier_removal,0.05,1,300,12,2298,29,10,all,1.0,coordinated,0.998095238095238,0.998095238095238,0.0099630185409328,1.0,0.9058649996114446,0.3526338090005083,300.0,1.0,1.0,1.0,0.0,0.0,0.0004397215097105,0.0032773453502662,0.997539975399754,0.9967226546497338,0.0,0.0,0.0
parc,0.05,1,300,12,2298,29,10,all,1.0,coordinated,0.9966666666666668,0.9966666666666668,0.0217515459690107,1.0,0.7944817848293602,0.6188360719997945,300.0,1.0,1.0,1.0,0.0,0.0,0.0013191645291315,0.0061450225317492,0.992635024549918,0.9938549774682508,1.0,1.0,1.0
provenance_unaware,0.05,1,300,12,2298,29,10,all,1.0,coordinated,0.9976190476190476,0.9976190476190476,0.0235969860636764,0.9955555555555556,0.7770452515824644,0.5590186789995641,300.0,1.0,1.0,1.0,0.0,0.0,0.000879443019421,0.0045063498566161,0.995085995085995,0.995493650143384,0.0,0.0,0.0
random_weighting,0.05,1,300,12,2298,29,10,all,1.0,coordinated,0.9952380952380953,0.9952380952380953,0.0310099567118565,0.9966666666666668,0.707004230181189,0.2208833830000003,300.0,1.0,1.0,1.0,0.0,0.0,0.001758886038842,0.0086030315444489,0.9901800327332242,0.991396968455551,0.0,0.0,0.0
rule_only,0.05,1,300,12,2298,29,10,all,1.0,coordinated,0.998095238095238,0.998095238095238,0.0099630185409328,1.0,0.9058649996114446,0.1837940859995797,300.0,1.0,1.0,1.0,0.0,0.0,0.0004397215097105,0.0032773453502662,0.997539975399754,0.9967226546497338,0.0,0.0,0.0
source_dependence,0.05,1,300,12,2298,29,10,all,1.0,coordinated,0.9904761904761904,0.9904761904761904,0.0226599482791419,0.9944444444444444,0.7858987985119265,0.5346623410005122,300.0,1.0,1.0,1.0,0.0,0.0,0.00432392817882,0.0139287177386317,0.9760746147607462,0.9860712822613684,1.0,1.0,1.0
standard_fd,0.05,1,300,12,2298,29,10,all,1.0,coordinated,0.998095238095238,0.998095238095238,0.0099630185409328,1.0,0.9058649996114446,0.2013074619999315,300.0,1.0,1.0,1.0,0.0,0.0,0.0004397215097105,0.0032773453502662,0.997539975399754,0.9967226546497338,0.0,0.0,0.0
dependency_truth,0.05,2,300,12,2355,35,12,all,1.0,coordinated,0.9966666666666668,0.9966666666666668,0.0164054983057012,1.0,0.887301735214657,0.6031586150002113,300.0,1.0,1.0,1.0,0.0,0.0,0.0014878738282993,0.0036148537627341,0.9934469200524246,0.9963851462372658,1.0,0.7777777777777778,0.8750000000000001
iterative_truth,0.05,2,300,12,2355,35,12,all,1.0,coordinated,0.9966666666666668,0.9966666666666668,0.0146114408386733,1.0,0.8996260888972862,0.8096296479998273,300.0,1.0,1.0,1.0,0.0,0.0,0.0014878738282993,0.0013144922773578,0.993461915658712,0.998685507722642,0.0,0.0,0.0
majority,0.05,2,300,12,2355,35,12,all,1.0,coordinated,0.9966666666666668,0.9966666666666668,0.0,0.9955555555555556,1.0,0.2221525250006379,300.0,1.0,1.0,1.0,0.0,0.0,0.0012646927540544,0.0013144922773578,0.9944371727748692,0.998685507722642,0.0,0.0,0.0
no_repair,0.05,2,300,12,2355,35,12,all,1.0,coordinated,0.7128571428571429,0.7128571428571429,0.1455701055996639,0.6788888888888889,0.0,0.1473522920005052,300.0,1.0,1.0,1.0,0.0,0.0,0.2532361255765511,0.2067039106145251,0.414919216225507,0.7932960893854749,0.0,0.0,0.0
outlier_removal,0.05,2,300,12,2355,35,12,all,1.0,coordinated,0.9976190476190476,0.9976190476190476,0.0,1.0,1.0,0.5625090339999588,300.0,1.0,1.0,1.0,0.0,0.0,0.0008927242969796,0.0013144922773578,0.9960668633235004,0.998685507722642,0.0,0.0,0.0
parc,0.05,2,300,12,2355,35,12,all,1.0,coordinated,0.9966666666666668,0.9966666666666668,0.0164054983057012,1.0,0.887301735214657,0.5816976870000872,300.0,1.0,1.0,1.0,0.0,0.0,0.0014878738282993,0.0036148537627341,0.9934469200524246,0.9963851462372658,1.0,0.7777777777777778,0.8750000000000001
provenance_unaware,0.05,2,300,12,2355,35,12,all,1.0,coordinated,0.9923809523809524,0.9923809523809524,0.0282313394866359,0.9922222222222222,0.8060636188292967,0.1767344929994578,300.0,1.0,1.0,1.0,0.0,0.0,0.0039428656449933,0.0032862306933946,0.9828256642903436,0.9967137693066052,0.0,0.0,0.0
random_weighting,0.05,2,300,12,2355,35,12,all,1.0,coordinated,0.9957142857142856,0.9957142857142856,0.0146114408386733,0.99,0.8996260888972862,0.1823460580008031,300.0,1.0,1.0,1.0,0.0,0.0,0.0014134801368843,0.0029576076240552,0.9937766131673764,0.9970423923759448,0.0,0.0,0.0
rule_only,0.05,2,300,12,2355,35,12,all,1.0,coordinated,0.9976190476190476,0.9976190476190476,0.0,1.0,1.0,0.1888185200004954,300.0,1.0,1.0,1.0,0.0,0.0,0.0008927242969796,0.0013144922773578,0.9960668633235004,0.998685507722642,0.0,0.0,0.0
source_dependence,0.05,2,300,12,2355,35,12,all,1.0,coordinated,0.9871428571428572,0.9871428571428572,0.0193950297419552,0.9911111111111112,0.8667650225157216,0.2935584830001971,300.0,1.0,1.0,1.0,0.0,0.0,0.0077369439071566,0.0157739073282944,0.9664407873507584,0.9842260926717056,1.0,0.7777777777777778,0.8750000000000001
standard_fd,0.05,2,300,12,2355,35,12,all,1.0,coordinated,0.9976190476190476,0.9976190476190476,0.0,1.0,1.0,0.2030776980000155,300.0,1.0,1.0,1.0,0.0,0.0,0.0008927242969796,0.0013144922773578,0.9960668633235004,0.998685507722642,0.0,0.0,0.0
dependency_truth,0.05,3,300,12,2373,29,10,all,1.0,coordinated,0.9966666666666668,0.9966666666666668,0.0040704910973619,1.0,0.9745109760979556,0.7205272439996406,300.0,1.0,1.0,1.0,0.0,0.0,0.0014875681802082,0.0032076984763432,0.991623454327882,0.9967923015236568,1.0,1.0,1.0
iterative_truth,0.05,3,300,12,2373,29,10,all,1.0,coordinated,0.9976190476190476,0.9976190476190476,0.0269186468173025,1.0,0.8314380216722266,0.5146415079998405,300.0,1.0,1.0,1.0,0.0,0.0,0.0009917121201388,0.0052125100240577,0.9943887775551102,0.9947874899759422,0.0,0.0,0.0
majority,0.05,3,300,12,2373,29,10,all,1.0,coordinated,0.9957142857142856,0.9957142857142856,0.0141625977920369,0.9955555555555556,0.9113151742623322,0.2128141880002658,300.0,1.0,1.0,1.0,0.0,0.0,0.0013458950201884,0.0088211708099438,0.9923725411481332,0.9911788291900562,0.0,0.0,0.0
no_repair,0.05,3,300,12,2373,29,10,all,1.0,coordinated,0.7866666666666666,0.7866666666666666,0.1596958405706324,0.76,0.0,0.1507842139999411,300.0,1.0,1.0,1.0,0.0,0.0,0.1789332011050506,0.2016840417000802,0.4407792782820456,0.7983159582999199,0.0,0.0,0.0
outlier_removal,0.05,3,300,12,2373,29,10,all,1.0,coordinated,0.9966666666666668,0.9966666666666668,0.0141625977920369,1.0,0.9113151742623322,0.3146291299999575,300.0,1.0,1.0,1.0,0.0,0.0,0.0009917121201388,0.0064153969526864,0.99438202247191,0.9935846030473136,0.0,0.0,0.0
parc,0.05,3,300,12,2373,29,10,all,1.0,coordinated,0.9966666666666668,0.9966666666666668,0.0040704910973619,1.0,0.9745109760979556,1.0635388310001872,300.0,1.0,1.0,1.0,0.0,0.0,0.0014875681802082,0.0032076984763432,0.991623454327882,0.9967923015236568,1.0,1.0,1.0
provenance_unaware,0.05,3,300,12,2373,29,10,all,1.0,coordinated,0.9947619047619048,0.9947619047619048,0.0297544599747156,0.9944444444444444,0.8136804323243758,0.4441860249999081,300.0,1.0,1.0,1.0,0.0,0.0,0.0018417510802578,0.0100240577385725,0.9895791583166332,0.9899759422614274,0.0,0.0,0.0
random_weighting,0.05,3,300,12,2373,29,10,all,1.0,coordinated,0.9947619047619048,0.9947619047619048,0.0120850781011309,0.9944444444444444,0.9243244028276,0.2013624709998112,300.0,1.0,1.0,1.0,0.0,0.0,0.001629241340228,0.0084202085004009,0.9907852564102564,0.9915797914995992,0.0,0.0,0.0
rule_only,0.05,3,300,12,2373,29,10,all,1.0,coordinated,0.9966666666666668,0.9966666666666668,0.0141625977920369,1.0,0.9113151742623322,0.1849802570004612,300.0,1.0,1.0,1.0,0.0,0.0,0.0009917121201388,0.0064153969526864,0.99438202247191,0.9935846030473136,0.0,0.0,0.0
source_dependence,0.05,3,300,12,2373,29,10,all,1.0,coordinated,0.9933333333333332,0.9933333333333332,0.0022790195923421,0.9966666666666668,0.985728998424764,0.2837768029994549,300.0,1.0,1.0,1.0,0.0,0.0,0.0024084437203371,0.0092221331194867,0.9864271457085828,0.9907778668805132,1.0,1.0,1.0
standard_fd,0.05,3,300,12,2373,29,10,all,1.0,coordinated,0.9966666666666668,0.9966666666666668,0.0141625977920369,1.0,0.9113151742623322,0.1945235339999271,300.0,1.0,1.0,1.0,0.0,0.0,0.0009917121201388,0.0064153969526864,0.99438202247191,0.9935846030473136,0.0,0.0,0.0
dependency_truth,0.05,4,300,12,2251,215,10,all,1.0,coordinated,0.9995238095238096,0.9995238095238096,0.0001524672586103,1.0,0.9997455335054104,0.5806412539999997,300.0,1.0,1.0,1.0,0.0,0.0,0.0002190740470278,0.0004847309743092,0.998547215496368,0.9995152690256908,1.0,1.0,1.0
iterative_truth,0.05,4,300,12,2251,215,10,all,1.0,coordinated,1.0,1.0,0.0,1.0,1.0,0.4434483590000013,300.0,1.0,1.0,1.0,0.0,0.0,0.0,0.0,1.0,1.0,0.0,0.0,0.0
majority,0.05,4,300,12,2251,215,10,all,1.0,coordinated,1.0,1.0,0.0,1.0,1.0,0.2119045379999988,300.0,1.0,1.0,1.0,0.0,0.0,0.0,0.0,1.0,1.0,0.0,0.0,0.0
no_repair,0.05,4,300,12,2251,215,10,all,1.0,coordinated,0.7128571428571429,0.7128571428571429,0.5991643766550645,0.6166666666666667,0.0,0.1609786160000226,300.0,1.0,1.0,1.0,0.0,0.0,0.2642763253979845,0.307804168686379,0.2829403606102635,0.692195831313621,0.0,0.0,0.0
outlier_removal,0.05,4,300,12,2251,215,10,all,1.0,coordinated,1.0,1.0,0.0,1.0,1.0,0.2794929489999731,300.0,1.0,1.0,1.0,0.0,0.0,0.0,0.0,1.0,1.0,0.0,0.0,0.0
parc,0.05,4,300,12,2251,215,10,all,1.0,coordinated,1.0,1.0,0.0,1.0,1.0,0.664550405,300.0,1.0,1.0,1.0,0.0,0.0,0.0,0.0,1.0,1.0,1.0,1.0,1.0
provenance_unaware,0.05,4,300,12,2251,215,10,all,1.0,coordinated,0.9990476190476192,0.9990476190476192,0.006443569961481,0.9988888888888888,0.9892457392119116,0.1733804140000074,300.0,1.0,1.0,1.0,0.0,0.0,0.0008762961881115,0.0029083858458555,0.9942000966650556,0.9970916141541444,0.0,0.0,0.0
random_weighting,0.05,4,300,12,2251,215,10,all,1.0,coordinated,0.9971428571428572,0.9971428571428572,0.008373460906348,0.9966666666666668,0.9860247684398492,0.175675104999982,300.0,1.0,1.0,1.0,0.0,0.0,0.0020446911055936,0.0053320407174018,0.9865384615384616,0.9946679592825982,0.0,0.0,0.0
rule_only,0.05,4,300,12,2251,215,10,all,1.0,coordinated,1.0,1.0,0.0,1.0,1.0,0.1991868189999763,300.0,1.0,1.0,1.0,0.0,0.0,0.0,0.0,1.0,1.0,0.0,0.0,0.0
source_dependence,0.05,4,300,12,2251,215,10,all,1.0,coordinated,0.9904761904761904,0.9904761904761904,0.0085782608297967,0.9888888888888888,0.9856829591944596,0.2465070790000254,300.0,1.0,1.0,1.0,0.0,0.0,0.0057689499050679,0.0106640814348036,0.9627358490566038,0.9893359185651964,1.0,1.0,1.0
standard_fd,0.05,4,300,12,2251,215,10,all,1.0,coordinated,1.0,1.0,0.0,1.0,1.0,0.1997106449999819,300.0,1.0,1.0,1.0,0.0,0.0,0.0,0.0,1.0,1.0,0.0,0.0,0.0
dependency_truth,0.1,0,300,12,2373,59,24,all,1.0,coordinated,0.9961904761904762,0.9961904761904762,0.0033611943091058,1.0,0.98000628487995,0.5696406560000469,300.0,1.0,1.0,1.0,0.0,0.0,0.001834054728193,0.0033557046979865,0.991652754590985,0.9966442953020134,1.0,1.0,1.0
iterative_truth,0.1,0,300,12,2373,59,24,all,1.0,coordinated,0.998095238095238,0.998095238095238,0.0006253157199818,1.0,0.9962803744099128,0.4377489440003046,300.0,1.0,1.0,1.0,0.0,0.0,0.0004401731347663,0.0020134228187919,0.997986577181208,0.997986577181208,0.0,0.0,0.0
majority,0.1,0,300,12,2373,59,24,all,1.0,coordinated,0.9961904761904762,0.9961904761904762,0.0276913212315395,0.9955555555555556,0.8352810527789816,0.2242806659996858,300.0,1.0,1.0,1.0,0.0,0.0,0.0011737950260435,0.0050335570469798,0.9946326735994632,0.9949664429530202,0.0,0.0,0.0
no_repair,0.1,0,300,12,2373,59,24,all,1.0,coordinated,0.7433333333333333,0.7433333333333333,0.1681125438130898,0.7355555555555555,0.0,0.155435247999776,300.0,1.0,1.0,1.0,0.0,0.0,0.228229770376348,0.1912751677852349,0.4365151240717261,0.8087248322147651,0.0,0.0,0.0
outlier_removal,0.1,0,300,12,2373,59,24,all,1.0,coordinated,0.9971428571428572,0.9971428571428572,0.0276913212315395,1.0,0.8352810527789816,0.2616646229998878,300.0,1.0,1.0,1.0,0.0,0.0,0.0007336218912772,0.0030201342281879,0.9966454209996646,0.996979865771812,0.0,0.0,0.0
parc,0.1,0,300,12,2373,59,24,all,1.0,coordinated,0.9961904761904762,0.9961904761904762,0.0033611943091058,1.0,0.98000628487995,0.6501355959999273,300.0,1.0,1.0,1.0,0.0,0.0,0.001834054728193,0.0033557046979865,0.991652754590985,0.9966442953020134,1.0,1.0,1.0
provenance_unaware,0.1,0,300,12,2373,59,24,all,1.0,coordinated,0.9904761904761904,0.9904761904761904,0.0249182249903892,0.9877777777777778,0.8517765276451131,0.1763257659995361,300.0,1.0,1.0,1.0,0.0,0.0,0.0056488885628347,0.009731543624161,0.9745706737120212,0.9902684563758388,0.0,0.0,0.0
random_weighting,0.1,0,300,12,2373,59,24,all,1.0,coordinated,0.9909523809523808,0.9909523809523808,0.0318060165457779,0.9911111111111112,0.81080521521856,0.4315351929999451,300.0,1.0,1.0,1.0,0.0,0.0,0.0038148338346416,0.0104026845637583,0.9826724425191604,0.9895973154362416,0.0,0.0,0.0
rule_only,0.1,0,300,12,2373,59,24,all,1.0,coordinated,0.9971428571428572,0.9971428571428572,0.0276913212315395,1.0,0.8352810527789816,0.1875265010003204,300.0,1.0,1.0,1.0,0.0,0.0,0.0007336218912772,0.0030201342281879,0.9966454209996646,0.996979865771812,0.0,0.0,0.0
source_dependence,0.1,0,300,12,2373,59,24,all,1.0,coordinated,0.9890476190476192,0.9890476190476192,0.0141951720296931,0.9933333333333332,0.9155614940579594,0.24485389199981,300.0,1.0,1.0,1.0,0.0,0.0,0.0055021641845792,0.011744966442953,0.9751655629139072,0.988255033557047,1.0,1.0,1.0
standard_fd,0.1,0,300,12,2373,59,24,all,1.0,coordinated,0.9971428571428572,0.9971428571428572,0.0276913212315395,1.0,0.8352810527789816,0.1970928589998948,300.0,1.0,1.0,1.0,0.0,0.0,0.0007336218912772,0.0030201342281879,0.9966454209996646,0.996979865771812,0.0,0.0,0.0
dependency_truth,0.1,1,300,12,2310,53,22,all,1.0,coordinated,0.9966666666666668,0.9966666666666668,0.0137122538033294,1.0,0.9097913959978564,0.6032315160000508,300.0,1.0,1.0,1.0,0.0,0.0,0.0011022927689594,0.0046838407494145,0.9941520467836256,0.9953161592505856,1.0,0.6666666666666666,0.8
iterative_truth,0.1,1,300,12,2310,53,22,all,1.0,coordinated,0.9938095238095238,0.9938095238095238,0.0436950861744833,0.9988888888888888,0.7125437741973202,0.4658081309999033,300.0,1.0,1.0,1.0,0.0,0.0,0.0027189888300999,0.0050741608118657,0.98569218870843,0.9949258391881344,0.0,0.0,0.0
majority,0.1,1,300,12,2310,53,22,all,1.0,coordinated,0.9933333333333332,0.9933333333333332,0.0399778430019826,0.9933333333333332,0.7369983476129882,0.220007419000467,300.0,1.0,1.0,1.0,0.0,0.0,0.0024250440917107,0.0081967213114754,0.9871794871794872,0.9918032786885246,0.0,0.0,0.0
no_repair,0.1,1,300,12,2310,53,22,all,1.0,coordinated,0.8457142857142858,0.8457142857142858,0.1520060525823407,0.8133333333333334,0.0,0.1540993239996169,300.0,1.0,1.0,1.0,0.0,0.0,0.1311728395061728,0.1334894613583138,0.5543071161048689,0.8665105386416861,0.0,0.0,0.0
outlier_removal,0.1,1,300,12,2310,53,22,all,1.0,coordinated,0.9923809523809524,0.9923809523809524,0.0430829729393307,1.0,0.7165706746052565,0.2870725040002071,300.0,1.0,1.0,1.0,0.0,0.0,0.0034538506760728,0.0081967213114754,0.981839258114374,0.9918032786885246,0.0,0.0,0.0
parc,0.1,1,300,12,2310,53,22,all,1.0,coordinated,0.9966666666666668,0.9966666666666668,0.0137122538033294,1.0,0.9097913959978564,0.9316870940001536,300.0,1.0,1.0,1.0,0.0,0.0,0.0011022927689594,0.0046838407494145,0.9941520467836256,0.9953161592505856,1.0,0.6666666666666666,0.8
provenance_unaware,0.1,1,300,12,2310,53,22,all,1.0,coordinated,0.9904761904761904,0.9904761904761904,0.0489669114122351,0.9855555555555556,0.6778620944339693,0.1717519470003026,300.0,1.0,1.0,1.0,0.0,0.0,0.0046296296296296,0.0074160811865729,0.9758250191864928,0.992583918813427,0.0,0.0,0.0
random_weighting,0.1,1,300,12,2310,53,22,all,1.0,coordinated,0.9866666666666668,0.9866666666666668,0.0512132689970911,0.9877777777777778,0.6630840145700828,0.2040277549995153,300.0,1.0,1.0,1.0,0.0,0.0,0.0060993533215755,0.0163934426229508,0.968113714944295,0.9836065573770492,0.0,0.0,0.0
rule_only,0.1,1,300,12,2310,53,22,all,1.0,coordinated,0.991904761904762,0.991904761904762,0.0399778430019826,1.0,0.7369983476129882,0.4218613599996388,300.0,1.0,1.0,1.0,0.0,0.0,0.0035273368606701,0.0085870413739266,0.98145285935085,0.9914129586260734,0.0,0.0,0.0
source_dependence,0.1,1,300,12,2310,53,22,all,1.0,coordinated,0.9933333333333332,0.9933333333333332,0.0159631042492948,0.9966666666666668,0.8949837590141501,0.2670977360003235,300.0,1.0,1.0,1.0,0.0,0.0,0.0022780717225161,0.0081967213114754,0.9879471228615864,0.9918032786885246,1.0,0.6666666666666666,0.8
standard_fd,0.1,1,300,12,2310,53,22,all,1.0,coordinated,0.991904761904762,0.991904761904762,0.0399778430019826,1.0,0.7369983476129882,0.2010721500000727,300.0,1.0,1.0,1.0,0.0,0.0,0.0035273368606701,0.0085870413739266,0.98145285935085,0.9914129586260734,0.0,0.0,0.0
dependency_truth,0.1,2,300,12,2373,74,30,all,1.0,coordinated,0.9976190476190476,0.9976190476190476,0.0164054983057012,1.0,0.9324945150727688,0.752781287000289,300.0,1.0,1.0,1.0,0.0,0.0,0.0011184848258891,0.0025,0.9953227315247896,0.9975,1.0,0.6666666666666666,0.8
iterative_truth,0.1,2,300,12,2373,74,30,all,1.0,coordinated,0.9985714285714286,0.9985714285714286,0.0146114408386733,1.0,0.939876718102649,0.4919532920002893,300.0,1.0,1.0,1.0,0.0,0.0,0.0004473939303556,0.00125,0.9981261711430356,0.99875,0.0,0.0,0.0
majority,0.1,2,300,12,2373,74,30,all,1.0,coordinated,0.9971428571428572,0.9971428571428572,0.0,0.9966666666666668,1.0,0.2497678919999089,300.0,1.0,1.0,1.0,0.0,0.0,0.0010439191708299,0.0015625,0.9956372701776254,0.9984375,0.0,0.0,0.0
no_repair,0.1,2,300,12,2373,74,30,all,1.0,coordinated,0.68,0.68,0.243024671600921,0.6566666666666667,0.0,0.1792897939994873,300.0,1.0,1.0,1.0,0.0,0.0,0.2811870852285437,0.2228125,0.3974113135186961,0.7771875,0.0,0.0,0.0
outlier_removal,0.1,2,300,12,2373,74,30,all,1.0,coordinated,0.9966666666666668,0.9966666666666668,0.0,1.0,1.0,0.3026784889998453,300.0,1.0,1.0,1.0,0.0,0.0,0.0014913131011855,0.00125,0.9937810945273632,0.99875,0.0,0.0,0.0
parc,0.1,2,300,12,2373,74,30,all,1.0,coordinated,0.9976190476190476,0.9976190476190476,0.0164054983057012,1.0,0.9324945150727688,0.7309511579996979,300.0,1.0,1.0,1.0,0.0,0.0,0.0011184848258891,0.0025,0.9953227315247896,0.9975,1.0,0.6666666666666666,0.8
provenance_unaware,0.1,2,300,12,2373,74,30,all,1.0,coordinated,0.991904761904762,0.991904761904762,0.0339478586306356,0.9922222222222222,0.8603110605725557,0.2039827079997849,300.0,1.0,1.0,1.0,0.0,0.0,0.0046976362687346,0.0115625,0.9804711717296962,0.9884375,0.0,0.0,0.0
random_weighting,0.1,2,300,12,2373,74,30,all,1.0,coordinated,0.9942857142857144,0.9942857142857144,0.0251625681839108,0.99,0.8964608489411677,0.1790910829995482,300.0,1.0,1.0,1.0,0.0,0.0,0.0020132726866005,0.0034375,0.9916044776119404,0.9965625,0.0,0.0,0.0
rule_only,0.1,2,300,12,2373,74,30,all,1.0,coordinated,0.9966666666666668,0.9966666666666668,0.0,1.0,1.0,0.1866769200005364,300.0,1.0,1.0,1.0,0.0,0.0,0.0014913131011855,0.00125,0.9937810945273632,0.99875,0.0,0.0,0.0
source_dependence,0.1,2,300,12,2373,74,30,all,1.0,coordinated,0.9885714285714284,0.9885714285714284,0.0186460681098279,0.9911111111111112,0.923274999254202,0.3148240700002134,300.0,1.0,1.0,1.0,0.0,0.0,0.0063380806800387,0.013125,0.9737897008942338,0.986875,1.0,0.6666666666666666,0.8
standard_fd,0.1,2,300,12,2373,74,30,all,1.0,coordinated,0.9966666666666668,0.9966666666666668,0.0,1.0,1.0,0.2002120329998433,300.0,1.0,1.0,1.0,0.0,0.0,0.0014913131011855,0.00125,0.9937810945273632,0.99875,0.0,0.0,0.0
dependency_truth,0.1,3,300,12,2391,69,28,all,1.0,coordinated,0.9976190476190476,0.9976190476190476,0.0010884301592996,1.0,0.99346255936705,0.5886465590001535,300.0,1.0,1.0,1.0,0.0,0.0,0.0009947420775898,0.0022530980097634,0.99475851740921,0.9977469019902364,1.0,1.0,1.0
iterative_truth,0.1,3,300,12,2391,69,28,all,1.0,coordinated,0.9995238095238096,0.9995238095238096,0.0,1.0,1.0,0.4517964900005609,300.0,1.0,1.0,1.0,0.0,0.0,7.105300554213443e-05,0.0003755163349605,0.9996244836650394,0.9996244836650394,0.0,0.0,0.0
majority,0.1,3,300,12,2391,69,28,all,1.0,coordinated,0.9961904761904762,0.9961904761904762,0.0034219361772421,0.9955555555555556,0.9794468166677244,0.2131744340003933,300.0,1.0,1.0,1.0,0.0,0.0,0.0013500071053005,0.0048817123544874,0.9928812289246908,0.9951182876455126,0.0,0.0,0.0
no_repair,0.1,3,300,12,2391,69,28,all,1.0,coordinated,0.7461904761904762,0.7461904761904762,0.1664917848452454,0.7188888888888889,0.0,0.1595459129994196,300.0,1.0,1.0,1.0,0.0,0.0,0.2178485149921841,0.2031543372136688,0.4090208172706245,0.7968456627863312,0.0,0.0,0.0
outlier_removal,0.1,3,300,12,2391,69,28,all,1.0,coordinated,0.9971428571428572,0.9971428571428572,0.0034219361772421,1.0,0.9794468166677244,0.5730629919999046,300.0,1.0,1.0,1.0,0.0,0.0,0.0009947420775898,0.0037551633496057,0.994750656167979,0.9962448366503944,0.0,0.0,0.0
parc,0.1,3,300,12,2391,69,28,all,1.0,coordinated,0.9976190476190476,0.9976190476190476,0.0010884301592996,1.0,0.99346255936705,0.8247932859994762,300.0,1.0,1.0,1.0,0.0,0.0,0.0009947420775898,0.0022530980097634,0.99475851740921,0.9977469019902364,1.0,1.0,1.0
provenance_unaware,0.1,3,300,12,2391,69,28,all,1.0,coordinated,0.9933333333333332,0.9933333333333332,0.0078268474216291,0.99,0.9529895878712324,0.225465150000673,300.0,1.0,1.0,1.0,0.0,0.0,0.0037658092937331,0.0101389410439354,0.9802900706582371,0.9898610589560646,0.0,0.0,0.0
random_weighting,0.1,3,300,12,2391,69,28,all,1.0,coordinated,0.9942857142857144,0.9942857142857144,0.006213904962446,0.99,0.9626774079680752,0.1796351590000995,300.0,1.0,1.0,1.0,0.0,0.0,0.0020605371607218,0.0090123920390536,0.9891304347826086,0.9909876079609464,0.0,0.0,0.0
rule_only,0.1,3,300,12,2391,69,28,all,1.0,coordinated,0.9971428571428572,0.9971428571428572,0.0034219361772421,1.0,0.9794468166677244,0.1888930989998698,300.0,1.0,1.0,1.0,0.0,0.0,0.0009947420775898,0.0037551633496057,0.994750656167979,0.9962448366503944,0.0,0.0,0.0
source_dependence,0.1,3,300,12,2391,69,28,all,1.0,coordinated,0.9938095238095238,0.9938095238095238,0.0018162067886579,0.9966666666666668,0.9890913128816168,0.2563837570005489,300.0,1.0,1.0,1.0,0.0,0.0,0.0025579081995168,0.0086368757040931,0.9865470852017936,0.9913631242959068,1.0,1.0,1.0
standard_fd,0.1,3,300,12,2391,69,28,all,1.0,coordinated,0.9971428571428572,0.9971428571428572,0.0034219361772421,1.0,0.9794468166677244,0.1911124289999861,300.0,1.0,1.0,1.0,0.0,0.0,0.0009947420775898,0.0037551633496057,0.994750656167979,0.9962448366503944,0.0,0.0,0.0
dependency_truth,0.1,4,300,12,2263,230,22,all,1.0,coordinated,0.9995238095238096,0.9995238095238096,0.0035733327750045,1.0,0.9938987797231807,0.5699010799999655,300.0,1.0,1.0,1.0,0.0,0.0,7.313149041977475e-05,0.0004614674665436,0.9995385325334564,0.9995385325334564,1.0,0.7777777777777778,0.8750000000000001
iterative_truth,0.1,4,300,12,2263,230,22,all,1.0,coordinated,0.9985714285714286,0.9985714285714286,0.0149582299197304,1.0,0.9744598498270376,0.4288285749999545,300.0,1.0,1.0,1.0,0.0,0.0,0.0005119204329384,0.004614674665436,0.9967652495378928,0.995385325334564,0.0,0.0,0.0
majority,0.1,4,300,12,2263,230,22,all,1.0,coordinated,0.9985714285714286,0.9985714285714286,0.0113848971447259,0.9977777777777778,0.9805610701038568,0.2352380429999812,300.0,1.0,1.0,1.0,0.0,0.0,0.0006581834137779,0.0055376095985233,0.995841035120148,0.9944623904014768,0.0,0.0,0.0
no_repair,0.1,4,300,12,2263,230,22,all,1.0,coordinated,0.6880952380952381,0.6880952380952381,0.5856750966000868,0.6077777777777778,0.0,0.161831085000017,300.0,1.0,1.0,1.0,0.0,0.0,0.284408366242504,0.2939547761882787,0.2823399151134895,0.7060452238117213,0.0,0.0,0.0
outlier_removal,0.1,4,300,12,2263,230,22,all,1.0,coordinated,0.9990476190476192,0.9990476190476192,0.0113848971447259,1.0,0.9805610701038568,0.27738573299996,300.0,1.0,1.0,1.0,0.0,0.0,0.0004387889425186,0.0041532071988924,0.9972273567467652,0.9958467928011075,0.0,0.0,0.0
parc,0.1,4,300,12,2263,230,22,all,1.0,coordinated,0.9995238095238096,0.9995238095238096,0.0035733327750045,1.0,0.9938987797231807,0.612953334999986,300.0,1.0,1.0,1.0,0.0,0.0,7.313149041977475e-05,0.0004614674665436,0.9995385325334564,0.9995385325334564,1.0,0.7777777777777778,0.8750000000000001
provenance_unaware,0.1,4,300,12,2263,230,22,all,1.0,coordinated,0.9952380952380953,0.9952380952380953,0.0233620307658075,0.9955555555555556,0.9601109371024532,0.1815681189999622,300.0,1.0,1.0,1.0,0.0,0.0,0.0021939447125932,0.0119981541301338,0.9861814831874712,0.9880018458698662,0.0,0.0,0.0
random_weighting,0.1,4,300,12,2263,230,22,all,1.0,coordinated,0.9957142857142856,0.9957142857142856,0.0252919003895644,0.9955555555555556,0.9568158172741392,0.1837216100000205,300.0,1.0,1.0,1.0,0.0,0.0,0.0020476817317536,0.0092293493308721,0.9871264367816092,0.9907706506691278,0.0,0.0,0.0
rule_only,0.1,4,300,12,2263,230,22,all,1.0,coordinated,0.9990476190476192,0.9990476190476192,0.0113848971447259,1.0,0.9805610701038568,0.1986019279999595,300.0,1.0,1.0,1.0,0.0,0.0,0.0004387889425186,0.0041532071988924,0.9972273567467652,0.9958467928011075,0.0,0.0,0.0
source_dependence,0.1,4,300,12,2263,230,22,all,1.0,coordinated,0.9923809523809524,0.9923809523809524,0.0161688532140283,0.9911111111111112,0.9723927937044096,0.2585916450000241,300.0,1.0,1.0,1.0,0.0,0.0,0.0037297060114085,0.0110752191970466,0.9767547857793984,0.9889247808029534,1.0,0.7777777777777778,0.8750000000000001
standard_fd,0.1,4,300,12,2263,230,22,all,1.0,coordinated,0.9990476190476192,0.9990476190476192,0.0113848971447259,1.0,0.9805610701038568,0.2029414330000349,300.0,1.0,1.0,1.0,0.0,0.0,0.0004387889425186,0.0041532071988924,0.9972273567467652,0.9958467928011075,0.0,0.0,0.0
dependency_truth,0.15,0,300,12,2419,156,70,all,1.0,coordinated,0.9971428571428572,0.9971428571428572,0.0015993805235031,1.0,0.9958022474417262,0.6010490070002561,300.0,1.0,1.0,1.0,0.0,0.0,0.0012583271650629,0.0035056967572304,0.9950408401400234,0.9964943032427696,1.0,1.0,1.0
iterative_truth,0.15,0,300,12,2419,156,70,all,1.0,coordinated,0.9933333333333332,0.9933333333333332,0.0235021678571176,1.0,0.9383159393293702,0.4487483539996901,300.0,1.0,1.0,1.0,0.0,0.0,0.0031088082901554,0.0102249488752556,0.9877551020408164,0.9897750511247444,0.0,0.0,0.0
majority,0.15,0,300,12,2419,156,70,all,1.0,coordinated,0.99,0.99,0.0600433142470457,0.9855555555555556,0.8424096252993617,0.2306648000003406,300.0,1.0,1.0,1.0,0.0,0.0,0.0039230199851961,0.0178206251825883,0.9844802342606148,0.9821793748174116,0.0,0.0,0.0
no_repair,0.15,0,300,12,2419,156,70,all,1.0,coordinated,0.6961904761904761,0.6961904761904761,0.3810087663101581,0.7055555555555555,0.0,0.1513965729991468,300.0,1.0,1.0,1.0,0.0,0.0,0.2702442635085122,0.2193981887233421,0.422584216352997,0.780601811276658,0.0,0.0,0.0
outlier_removal,0.15,0,300,12,2419,156,70,all,1.0,coordinated,0.9909523809523808,0.9909523809523808,0.0600433142470457,0.9988888888888888,0.8424096252993617,0.2702425549996405,300.0,1.0,1.0,1.0,0.0,0.0,0.0039970392301998,0.0140227870289219,0.984251968503937,0.985977212971078,0.0,0.0,0.0
parc,0.15,0,300,12,2419,156,70,all,1.0,coordinated,0.9971428571428572,0.9971428571428572,0.0015993805235031,1.0,0.9958022474417262,0.8681831480007531,300.0,1.0,1.0,1.0,0.0,0.0,0.0012583271650629,0.0035056967572304,0.9950408401400234,0.9964943032427696,1.0,1.0,1.0
provenance_unaware,0.15,0,300,12,2419,156,70,all,1.0,coordinated,0.9723809523809523,0.9723809523809523,0.0984744938419236,0.9688888888888888,0.74154270833296,0.1813080459996854,300.0,1.0,1.0,1.0,0.0,0.0,0.0169504071058475,0.0411919368974583,0.9347764169752208,0.9588080631025416,0.0,0.0,0.0
random_weighting,0.15,0,300,12,2419,156,70,all,1.0,coordinated,0.9866666666666668,0.9866666666666668,0.0508731510344999,0.9811111111111112,0.8664777413727879,0.1855889309999838,300.0,1.0,1.0,1.0,0.0,0.0,0.0053293856402664,0.0181127665790242,0.9790270900087388,0.9818872334209756,0.0,0.0,0.0
rule_only,0.15,0,300,12,2419,156,70,all,1.0,coordinated,0.9909523809523808,0.9909523809523808,0.0600433142470457,0.9988888888888888,0.8424096252993617,0.20007503800025,300.0,1.0,1.0,1.0,0.0,0.0,0.0039970392301998,0.0140227870289219,0.984251968503937,0.985977212971078,0.0,0.0,0.0
source_dependence,0.15,0,300,12,2419,156,70,all,1.0,coordinated,0.9866666666666668,0.9866666666666668,0.0170712852752598,0.9933333333333332,0.9551945078834144,0.2509215010004482,300.0,1.0,1.0,1.0,0.0,0.0,0.0073279052553663,0.0131463628396143,0.9715271786022434,0.9868536371603857,1.0,1.0,1.0
standard_fd,0.15,0,300,12,2419,156,70,all,1.0,coordinated,0.9909523809523808,0.9909523809523808,0.0600433142470457,0.9988888888888888,0.8424096252993617,0.2125467829991976,300.0,1.0,1.0,1.0,0.0,0.0,0.0039970392301998,0.0140227870289219,0.984251968503937,0.985977212971078,0.0,0.0,0.0
dependency_truth,0.15,1,300,12,2352,145,64,all,1.0,coordinated,0.9971428571428572,0.9971428571428572,0.0108117940168495,1.0,0.9713567667251504,0.6039566590006871,300.0,1.0,1.0,1.0,0.0,0.0,0.0014045982109854,0.0051072522982635,0.9935396123767426,0.9948927477017364,1.0,1.0,1.0
iterative_truth,0.15,1,300,12,2352,145,64,all,1.0,coordinated,0.9966666666666668,0.9966666666666668,0.0281266657008926,1.0,0.9254852020248592,0.7796906389994547,300.0,1.0,1.0,1.0,0.0,0.0,0.001552450654247,0.0054477357848144,0.9928619986403808,0.9945522642151856,0.0,0.0,0.0
majority,0.15,1,300,12,2352,145,64,all,1.0,coordinated,0.9933333333333332,0.9933333333333332,0.0172586952837665,0.9866666666666668,0.9542772610852496,0.2239975249995041,300.0,1.0,1.0,1.0,0.0,0.0,0.0031049013084941,0.0098740211099761,0.9857627118644068,0.990125978890024,0.0,0.0,0.0
no_repair,0.15,1,300,12,2352,145,64,all,1.0,coordinated,0.7747619047619048,0.7747619047619048,0.3774641610150522,0.7511111111111111,0.0,0.1491376309995757,300.0,1.0,1.0,1.0,0.0,0.0,0.2010793228358098,0.1678583588695948,0.4732765298218435,0.8321416411304052,0.0,0.0,0.0
outlier_removal,0.15,1,300,12,2352,145,64,all,1.0,coordinated,0.9961904761904762,0.9961904761904762,0.0172586952837665,1.0,0.9542772610852496,0.2566350930001135,300.0,1.0,1.0,1.0,0.0,0.0,0.0014785244326162,0.0057882192713653,0.9931972789115646,0.9942117807286348,0.0,0.0,0.0
parc,0.15,1,300,12,2352,145,64,all,1.0,coordinated,0.9971428571428572,0.9971428571428572,0.0108117940168495,1.0,0.9713567667251504,0.5945662739995896,300.0,1.0,1.0,1.0,0.0,0.0,0.0014045982109854,0.0051072522982635,0.9935396123767426,0.9948927477017364,1.0,1.0,1.0
provenance_unaware,0.15,1,300,12,2352,145,64,all,1.0,coordinated,0.9742857142857144,0.9742857142857144,0.0873024416782064,0.9722222222222222,0.7687132960028885,0.1798666759996194,300.0,1.0,1.0,1.0,0.0,0.0,0.019294743845642,0.0364317330609465,0.9155613070203816,0.9635682669390536,0.0,0.0,0.0
random_weighting,0.15,1,300,12,2352,145,64,all,1.0,coordinated,0.9876190476190476,0.9876190476190476,0.0240553725638359,0.98,0.9362711084963726,0.1738114339996173,300.0,1.0,1.0,1.0,0.0,0.0,0.0073186959414504,0.0125978890023833,0.9669889963321108,0.9874021109976168,0.0,0.0,0.0
rule_only,0.15,1,300,12,2352,145,64,all,1.0,coordinated,0.9961904761904762,0.9961904761904762,0.0172586952837665,1.0,0.9542772610852496,0.1914365739994536,300.0,1.0,1.0,1.0,0.0,0.0,0.0014785244326162,0.0057882192713653,0.9931972789115646,0.9942117807286348,0.0,0.0,0.0
source_dependence,0.15,1,300,12,2352,145,64,all,1.0,coordinated,0.9885714285714284,0.9885714285714284,0.0148072297286302,0.9877777777777778,0.960771826154802,0.2573328980006408,300.0,1.0,1.0,1.0,0.0,0.0,0.0059140977304649,0.0129383724889342,0.9731453507888552,0.9870616275110656,1.0,1.0,1.0
standard_fd,0.15,1,300,12,2352,145,64,all,1.0,coordinated,0.9961904761904762,0.9961904761904762,0.0172586952837665,1.0,0.9542772610852496,0.2071089210003265,300.0,1.0,1.0,1.0,0.0,0.0,0.0014785244326162,0.0057882192713653,0.9931972789115646,0.9942117807286348,0.0,0.0,0.0
dependency_truth,0.15,2,300,12,2409,149,66,all,1.0,coordinated,0.9961904761904762,0.9961904761904762,0.0021542981655228,1.0,0.9933416497703929,0.6547848299996986,300.0,1.0,1.0,1.0,0.0,0.0,0.0018701376421304,0.0031473533619456,0.9928754630948988,0.9968526466380544,1.0,1.0,1.0
iterative_truth,0.15,2,300,12,2409,149,66,all,1.0,coordinated,0.9947619047619048,0.9947619047619048,0.0052422744116356,1.0,0.98379755430748,0.4830943750002916,300.0,1.0,1.0,1.0,0.0,0.0,0.0026929982046678,0.0088698140200286,0.9897142857142858,0.9911301859799714,0.0,0.0,0.0
majority,0.15,2,300,12,2409,149,66,all,1.0,coordinated,0.9914285714285714,0.9914285714285714,0.0360351731942614,0.9888888888888888,0.8886250717046311,0.210387635999723,300.0,1.0,1.0,1.0,0.0,0.0,0.0035906642728904,0.0168812589413447,0.9862227324913893,0.9831187410586552,0.0,0.0,0.0
no_repair,0.15,2,300,12,2409,149,66,all,1.0,coordinated,0.6542857142857142,0.6542857142857142,0.3235483402395134,0.63,0.0,0.15203784500045,300.0,1.0,1.0,1.0,0.0,0.0,0.3057301017354877,0.2363376251788269,0.3950562462995856,0.763662374821173,0.0,0.0,0.0
outlier_removal,0.15,2,300,12,2409,149,66,all,1.0,coordinated,0.9933333333333332,0.9933333333333332,0.0360351731942614,1.0,0.8886250717046311,0.2659128619998228,300.0,1.0,1.0,1.0,0.0,0.0,0.0029922202274087,0.0131616595135908,0.9885353969618802,0.9868383404864092,0.0,0.0,0.0
parc,0.15,2,300,12,2409,149,66,all,1.0,coordinated,0.9961904761904762,0.9961904761904762,0.0021542981655228,1.0,0.9933416497703929,0.5720620599995527,300.0,1.0,1.0,1.0,0.0,0.0,0.0018701376421304,0.0031473533619456,0.9928754630948988,0.9968526466380544,1.0,1.0,1.0
provenance_unaware,0.15,2,300,12,2409,149,66,all,1.0,coordinated,0.9761904761904762,0.9761904761904762,0.1034633139620301,0.9777777777777776,0.6802230112339958,0.1774187020000681,300.0,1.0,1.0,1.0,0.0,0.0,0.014063435068821,0.036623748211731,0.9471167369901548,0.9633762517882688,0.0,0.0,0.0
random_weighting,0.15,2,300,12,2409,149,66,all,1.0,coordinated,0.979047619047619,0.979047619047619,0.0923201155578789,0.9777777777777776,0.7146636094948376,0.1737236540002413,300.0,1.0,1.0,1.0,0.0,0.0,0.0121184919210053,0.0371959942775393,0.9540686135525944,0.9628040057224606,0.0,0.0,0.0
rule_only,0.15,2,300,12,2409,149,66,all,1.0,coordinated,0.9933333333333332,0.9933333333333332,0.0360351731942614,1.0,0.8886250717046311,0.1894792590001088,300.0,1.0,1.0,1.0,0.0,0.0,0.0029922202274087,0.0131616595135908,0.9885353969618802,0.9868383404864092,0.0,0.0,0.0
source_dependence,0.15,2,300,12,2409,149,66,all,1.0,coordinated,0.9847619047619048,0.9847619047619048,0.025202369883782,0.9933333333333332,0.922106323076405,0.2699765630004549,300.0,1.0,1.0,1.0,0.0,0.0,0.0080789946140035,0.015450643776824,0.9695688926458156,0.984549356223176,1.0,1.0,1.0
standard_fd,0.15,2,300,12,2409,149,66,all,1.0,coordinated,0.9933333333333332,0.9933333333333332,0.0360351731942614,1.0,0.8886250717046311,0.194128377999732,300.0,1.0,1.0,1.0,0.0,0.0,0.0029922202274087,0.0131616595135908,0.9885353969618802,0.9868383404864092,0.0,0.0,0.0
dependency_truth,0.15,3,300,12,2437,167,74,all,1.0,coordinated,0.998095238095238,0.998095238095238,0.0014284765013917,1.0,0.9961951527287378,0.6100631360004627,300.0,1.0,1.0,1.0,0.0,0.0,0.0005702066999287,0.0023109937273027,0.9973597359735974,0.9976890062726972,1.0,0.6666666666666666,0.8
iterative_truth,0.15,3,300,12,2437,167,74,all,1.0,coordinated,0.9952380952380953,0.9952380952380953,0.0111612169218014,1.0,0.9702713165337292,0.4427903260002495,300.0,1.0,1.0,1.0,0.0,0.0,0.0022095509622238,0.0006602839220864,0.9898626553302812,0.9993397160779136,0.0,0.0,0.0
majority,0.15,3,300,12,2437,167,74,all,1.0,coordinated,0.99,0.99,0.0276351044743364,0.9922222222222222,0.9263919625224644,0.2135505330006708,300.0,1.0,1.0,1.0,0.0,0.0,0.0044191019244476,0.0099042588312974,0.9797451813132964,0.9900957411687026,0.0,0.0,0.0
no_repair,0.15,3,300,12,2437,167,74,all,1.0,coordinated,0.6952380952380952,0.6952380952380952,0.3754359635355089,0.6944444444444444,0.0,0.1489183509993381,300.0,1.0,1.0,1.0,0.0,0.0,0.2722024233784747,0.2294486629250577,0.3793271574841541,0.7705513370749423,0.0,0.0,0.0
outlier_removal,0.15,3,300,12,2437,167,74,all,1.0,coordinated,0.9890476190476192,0.9890476190476192,0.0276351044743364,1.0,0.9263919625224644,0.2824257539996324,300.0,1.0,1.0,1.0,0.0,0.0,0.0054169636493228,0.0118851105975569,0.9752362333007494,0.9881148894024432,0.0,0.0,0.0
parc,0.15,3,300,12,2437,167,74,all,1.0,coordinated,0.998095238095238,0.998095238095238,0.0014284765013917,1.0,0.9961951527287378,0.6037646750000931,300.0,1.0,1.0,1.0,0.0,0.0,0.0005702066999287,0.0023109937273027,0.9973597359735974,0.9976890062726972,1.0,0.6666666666666666,0.8
provenance_unaware,0.15,3,300,12,2437,167,74,all,1.0,coordinated,0.9804761904761904,0.9804761904761904,0.0836020960428562,0.98,0.7773199582278455,0.1703949510001621,300.0,1.0,1.0,1.0,0.0,0.0,0.0114754098360655,0.0224496533509409,0.9484304932735426,0.977550346649059,0.0,0.0,0.0
random_weighting,0.15,3,300,12,2437,167,74,all,1.0,coordinated,0.979047619047619,0.979047619047619,0.0722909249318209,0.9811111111111112,0.8074480551861579,0.1855187930004831,300.0,1.0,1.0,1.0,0.0,0.0,0.0122594440484675,0.0214592274678111,0.9451530612244898,0.9785407725321889,0.0,0.0,0.0
rule_only,0.15,3,300,12,2437,167,74,all,1.0,coordinated,0.9890476190476192,0.9890476190476192,0.0276351044743364,1.0,0.9263919625224644,0.1997607929997684,300.0,1.0,1.0,1.0,0.0,0.0,0.0054169636493228,0.0118851105975569,0.9752362333007494,0.9881148894024432,0.0,0.0,0.0
source_dependence,0.15,3,300,12,2437,167,74,all,1.0,coordinated,0.9938095238095238,0.9938095238095238,0.007473961813871,0.9955555555555556,0.9800925789221464,0.2529950170001029,300.0,1.0,1.0,1.0,0.0,0.0,0.0021382751247327,0.0069329811819082,0.990125082290981,0.9930670188180918,1.0,0.6666666666666666,0.8
standard_fd,0.15,3,300,12,2437,167,74,all,1.0,coordinated,0.9890476190476192,0.9890476190476192,0.0276351044743364,1.0,0.9263919625224644,0.2005886759998247,300.0,1.0,1.0,1.0,0.0,0.0,0.0054169636493228,0.0118851105975569,0.9752362333007494,0.9881148894024432,0.0,0.0,0.0
dependency_truth,0.15,4,300,12,2315,328,74,all,1.0,coordinated,0.9990476190476192,0.9990476190476192,0.0035733327750045,1.0,0.994673301001893,0.5958295100000441,300.0,1.0,1.0,1.0,0.0,0.0,0.0004413387274733,0.0007662835249042,0.9977046671767408,0.9992337164750956,1.0,0.6666666666666666,0.8
iterative_truth,0.15,4,300,12,2315,328,74,all,1.0,coordinated,0.9995238095238096,0.9995238095238096,0.0118661146005832,1.0,0.9823114093385078,0.4530539369999928,300.0,1.0,1.0,1.0,0.0,0.0,0.0002206693637366,0.0019157088122605,0.9988496932515336,0.9980842911877394,0.0,0.0,0.0
majority,0.15,4,300,12,2315,328,74,all,1.0,coordinated,0.9876190476190476,0.9876190476190476,0.0291756791887607,0.9822222222222222,0.9565083716269148,0.2223901849999947,300.0,1.0,1.0,1.0,0.0,0.0,0.0063994115483633,0.0329501915708812,0.9666794331673688,0.9670498084291188,0.0,0.0,0.0
no_repair,0.15,4,300,12,2315,328,74,all,1.0,coordinated,0.6428571428571429,0.6428571428571429,0.6708343715825592,0.5800000000000001,0.0,0.1515692869999725,300.0,1.0,1.0,1.0,0.0,0.0,0.3229863920559029,0.3034482758620689,0.292800773071348,0.696551724137931,0.0,0.0,0.0
outlier_removal,0.15,4,300,12,2315,328,74,all,1.0,coordinated,0.988095238095238,0.988095238095238,0.0291756791887607,0.9977777777777778,0.9565083716269148,0.2912794910000116,300.0,1.0,1.0,1.0,0.0,0.0,0.0065465244575211,0.0260536398467432,0.9661725579627518,0.9739463601532568,0.0,0.0,0.0
parc,0.15,4,300,12,2315,328,74,all,1.0,coordinated,0.9995238095238096,0.9995238095238096,0.0,1.0,1.0,0.6866956049999544,300.0,1.0,1.0,1.0,0.0,0.0,0.0001471129091577,0.0003831417624521,0.9992340099578706,0.999616858237548,1.0,0.6666666666666666,0.8
provenance_unaware,0.15,4,300,12,2315,328,74,all,1.0,coordinated,0.98,0.98,0.0546327435580237,0.9766666666666668,0.9185600114240716,0.1759383120000279,300.0,1.0,1.0,1.0,0.0,0.0,0.01125413755057,0.0463601532567049,0.9420893262679788,0.953639846743295,0.0,0.0,0.0
random_weighting,0.15,4,300,12,2315,328,74,all,1.0,coordinated,0.9714285714285714,0.9714285714285714,0.0512054923691427,0.9611111111111112,0.9236689493885886,0.1869906869999908,300.0,1.0,1.0,1.0,0.0,0.0,0.0175064361897756,0.0540229885057471,0.912079793128925,0.9459770114942528,0.0,0.0,0.0
rule_only,0.15,4,300,12,2315,328,74,all,1.0,coordinated,0.988095238095238,0.988095238095238,0.0291756791887607,0.9977777777777778,0.9565083716269148,0.197205284000006,300.0,1.0,1.0,1.0,0.0,0.0,0.0065465244575211,0.0260536398467432,0.9661725579627518,0.9739463601532568,0.0,0.0,0.0
source_dependence,0.15,4,300,12,2315,328,74,all,1.0,coordinated,0.9928571428571428,0.9928571428571428,0.0159856089329311,0.9866666666666668,0.9761705577261648,0.2656099980000022,300.0,1.0,1.0,1.0,0.0,0.0,0.00331004045605,0.0118773946360153,0.9828506097560976,0.9881226053639848,1.0,0.6666666666666666,0.8
standard_fd,0.15,4,300,12,2315,328,74,all,1.0,coordinated,0.988095238095238,0.988095238095238,0.0291756791887607,0.9977777777777778,0.9565083716269148,0.1919626320000134,300.0,1.0,1.0,1.0,0.0,0.0,0.0065465244575211,0.0260536398467432,0.9661725579627518,0.9739463601532568,0.0,0.0,0.0
dependency_truth,0.2,0,300,12,2451,214,102,all,1.0,coordinated,0.9947619047619048,0.9947619047619048,0.0029434941490517,1.0,0.9927962909916505,0.5931457910000972,300.0,1.0,1.0,1.0,0.0,0.0,0.0023693173404412,0.0049301561216105,0.991268758526603,0.9950698438783896,1.0,0.7777777777777778,0.8750000000000001
iterative_truth,0.2,0,300,12,2451,214,102,all,1.0,coordinated,0.9938095238095238,0.9938095238095238,0.0299170415009133,1.0,0.9267830508741708,0.6824088180001127,300.0,1.0,1.0,1.0,0.0,0.0,0.0026654820079964,0.007121336620104,0.9901666211417646,0.992878663379896,0.0,0.0,0.0
majority,0.2,0,300,12,2451,214,102,all,1.0,coordinated,0.9861904761904762,0.9861904761904762,0.0483122102013845,0.9744444444444444,0.8817639559592433,0.2073991840006783,300.0,1.0,1.0,1.0,0.0,0.0,0.0059232933511032,0.0186250342371952,0.978159978159978,0.9813749657628048,0.0,0.0,0.0
no_repair,0.2,0,300,12,2451,214,102,all,1.0,coordinated,0.6423809523809524,0.6423809523809524,0.408608141394946,0.6444444444444444,0.0,0.1487455570004385,300.0,1.0,1.0,1.0,0.0,0.0,0.323559899304013,0.2218570254724733,0.3939814172791568,0.7781429745275267,0.0,0.0,0.0
outlier_removal,0.2,0,300,12,2451,214,102,all,1.0,coordinated,0.99,0.99,0.0483122102013845,0.9988888888888888,0.8817639559592433,0.2538886519996595,300.0,1.0,1.0,1.0,0.0,0.0,0.0043684288464386,0.0101342098055327,0.9839368363735366,0.9898657901944672,0.0,0.0,0.0
parc,0.2,0,300,12,2451,214,102,all,1.0,coordinated,0.9947619047619048,0.9947619047619048,0.0029434941490517,1.0,0.9927962909916505,0.6022037729999283,300.0,1.0,1.0,1.0,0.0,0.0,0.0023693173404412,0.0049301561216105,0.991268758526603,0.9950698438783896,1.0,0.7777777777777778,0.8750000000000001
provenance_unaware,0.2,0,300,12,2451,214,102,all,1.0,coordinated,0.9647619047619048,0.9647619047619048,0.0545449892860153,0.9511111111111112,0.8665102728991048,0.1723295140000118,300.0,1.0,1.0,1.0,0.0,0.0,0.0207315267288612,0.0490276636537934,0.9253731343283582,0.9509723363462064,0.0,0.0,0.0
random_weighting,0.2,0,300,12,2451,214,102,all,1.0,coordinated,0.9809523809523808,0.9809523809523808,0.0528352870400887,0.9788888888888888,0.8706944828369925,0.1768915339998784,300.0,1.0,1.0,1.0,0.0,0.0,0.0080704871908781,0.0199945220487537,0.9704366693788988,0.9800054779512464,0.0,0.0,0.0
rule_only,0.2,0,300,12,2451,214,102,all,1.0,coordinated,0.99,0.99,0.0483122102013845,0.9988888888888888,0.8817639559592433,0.1945330359994841,300.0,1.0,1.0,1.0,0.0,0.0,0.0043684288464386,0.0101342098055327,0.9839368363735366,0.9898657901944672,0.0,0.0,0.0
source_dependence,0.2,0,300,12,2451,214,102,all,1.0,coordinated,0.9904761904761904,0.9904761904761904,0.0153757828549916,0.9955555555555556,0.9623703463115044,0.2471460890001253,300.0,1.0,1.0,1.0,0.0,0.0,0.0045165111802162,0.0095864146809093,0.9834103889039978,0.9904135853190906,1.0,0.7777777777777778,0.8750000000000001
standard_fd,0.2,0,300,12,2451,214,102,all,1.0,coordinated,0.99,0.99,0.0483122102013845,0.9988888888888888,0.8817639559592433,0.192417960000057,300.0,1.0,1.0,1.0,0.0,0.0,0.0043684288464386,0.0101342098055327,0.9839368363735366,0.9898657901944672,0.0,0.0,0.0
dependency_truth,0.2,1,300,12,2386,208,98,all,1.0,coordinated,0.9947619047619048,0.9947619047619048,0.018523701505024,1.0,0.956911286126254,0.601362519999384,300.0,1.0,1.0,1.0,0.0,0.0,0.0021463992302568,0.0103415857098088,0.9909005334170066,0.9896584142901912,1.0,0.6666666666666666,0.8
iterative_truth,0.2,1,300,12,2386,208,98,all,1.0,coordinated,0.9895238095238096,0.9895238095238096,0.0437916879004738,0.9988888888888888,0.8981344247271464,0.4563167649994284,300.0,1.0,1.0,1.0,0.0,0.0,0.0055510324920435,0.022563459730492,0.9765184721352536,0.977436540269508,0.0,0.0,0.0
majority,0.2,1,300,12,2386,208,98,all,1.0,coordinated,0.9842857142857144,0.9842857142857144,0.0457334065687067,0.9766666666666668,0.8936177162228495,0.2151455969997187,300.0,1.0,1.0,1.0,0.0,0.0,0.0072533491229368,0.0269507991225321,0.9694036840462068,0.9730492008774678,0.0,0.0,0.0
no_repair,0.2,1,300,12,2386,208,98,all,1.0,coordinated,0.74,0.74,0.4298968300446441,0.74,0.0,0.3447081399999661,300.0,1.0,1.0,1.0,0.0,0.0,0.2286285249056324,0.1902225007834534,0.4554909219108056,0.8097774992165465,0.0,0.0,0.0
outlier_removal,0.2,1,300,12,2386,208,98,all,1.0,coordinated,0.9885714285714284,0.9885714285714284,0.0457334065687067,0.9988888888888888,0.8936177162228495,0.2909358249999059,300.0,1.0,1.0,1.0,0.0,0.0,0.0051809636592406,0.0216233155750548,0.9780701754385964,0.9783766844249452,0.0,0.0,0.0
parc,0.2,1,300,12,2386,208,98,all,1.0,coordinated,0.9947619047619048,0.9947619047619048,0.018523701505024,1.0,0.956911286126254,0.9079130210002404,300.0,1.0,1.0,1.0,0.0,0.0,0.0021463992302568,0.0103415857098088,0.9909005334170066,0.9896584142901912,1.0,0.6666666666666666,0.8
provenance_unaware,0.2,1,300,12,2386,208,98,all,1.0,coordinated,0.9528571428571428,0.9528571428571428,0.1927206622606536,0.9555555555555556,0.5517048538351867,0.1766522919997442,300.0,1.0,1.0,1.0,0.0,0.0,0.032270002220413,0.067690379191476,0.8721782468484316,0.932309620808524,0.0,0.0,0.0
random_weighting,0.2,1,300,12,2386,208,98,all,1.0,coordinated,0.9714285714285714,0.9714285714285714,0.097503456766683,0.9644444444444444,0.7731933572142009,0.1907325980000678,300.0,1.0,1.0,1.0,0.0,0.0,0.0146547257789948,0.0441867753055468,0.9390394088669952,0.9558132246944532,0.0,0.0,0.0
rule_only,0.2,1,300,12,2386,208,98,all,1.0,coordinated,0.9885714285714284,0.9885714285714284,0.0457334065687067,0.9988888888888888,0.8936177162228495,0.1940162350001628,300.0,1.0,1.0,1.0,0.0,0.0,0.0051809636592406,0.0216233155750548,0.9780701754385964,0.9783766844249452,0.0,0.0,0.0
source_dependence,0.2,1,300,12,2386,208,98,all,1.0,coordinated,0.9876190476190476,0.9876190476190476,0.0252579165489722,0.9911111111111112,0.941246562468606,0.3658142570002383,300.0,1.0,1.0,1.0,0.0,0.0,0.0046628672933165,0.016922594797869,0.9803125,0.9830774052021308,1.0,0.6666666666666666,0.8
standard_fd,0.2,1,300,12,2386,208,98,all,1.0,coordinated,0.9885714285714284,0.9885714285714284,0.0457334065687067,0.9988888888888888,0.8936177162228495,0.1846679700001914,300.0,1.0,1.0,1.0,0.0,0.0,0.0051809636592406,0.0216233155750548,0.9780701754385964,0.9783766844249452,0.0,0.0,0.0
dependency_truth,0.2,2,300,12,2447,218,104,all,1.0,coordinated,0.9947619047619048,0.9947619047619048,0.0389817661578464,1.0,0.913859183117418,0.6168446609999592,300.0,1.0,1.0,1.0,0.0,0.0,0.0020214119937111,0.0063626723223753,0.9928476821192052,0.9936373276776246,1.0,0.6666666666666666,0.8
iterative_truth,0.2,2,300,12,2447,218,104,all,1.0,coordinated,0.9857142857142858,0.9857142857142858,0.1326470586860588,0.9988888888888888,0.7068802386731025,0.4443696990001626,300.0,1.0,1.0,1.0,0.0,0.0,0.0071123755334281,0.0225344644750795,0.9748810153358012,0.9774655355249204,0.0,0.0,0.0
majority,0.2,2,300,12,2447,218,104,all,1.0,coordinated,0.9833333333333332,0.9833333333333332,0.0587010779644359,0.9733333333333334,0.8702839992608487,0.2164058279995515,300.0,1.0,1.0,1.0,0.0,0.0,0.0083851164183574,0.023594909862142,0.9704874835309618,0.976405090137858,0.0,0.0,0.0
no_repair,0.2,2,300,12,2447,218,104,all,1.0,coordinated,0.6319047619047619,0.6319047619047619,0.4525353667237951,0.6033333333333333,0.0,0.1613844990006328,300.0,1.0,1.0,1.0,0.0,0.0,0.3220783109979785,0.2386002120890774,0.4003345413994982,0.7613997879109226,0.0,0.0,0.0
outlier_removal,0.2,2,300,12,2447,218,104,all,1.0,coordinated,0.9852380952380952,0.9852380952380952,0.0587010779644359,0.9988888888888888,0.8702839992608487,0.26598073400055,300.0,1.0,1.0,1.0,0.0,0.0,0.00786104664221,0.02067868504772,0.9723611476704396,0.97932131495228,0.0,0.0,0.0
parc,0.2,2,300,12,2447,218,104,all,1.0,coordinated,0.9947619047619048,0.9947619047619048,0.0389817661578464,1.0,0.913859183117418,0.838280472000406,300.0,1.0,1.0,1.0,0.0,0.0,0.0020214119937111,0.0063626723223753,0.9928476821192052,0.9936373276776246,1.0,0.6666666666666666,0.8
provenance_unaware,0.2,2,300,12,2447,218,104,all,1.0,coordinated,0.9495238095238095,0.9495238095238095,0.2424265762763692,0.9444444444444444,0.4642925302580069,0.1715468839993263,300.0,1.0,1.0,1.0,0.0,0.0,0.0319682563449876,0.0575291622481442,0.8927674535409342,0.9424708377518558,0.0,0.0,0.0
random_weighting,0.2,2,300,12,2447,218,104,all,1.0,coordinated,0.9685714285714284,0.9685714285714284,0.2112659064632009,0.96,0.533150507124569,0.174712781999915,300.0,1.0,1.0,1.0,0.0,0.0,0.0192408474956951,0.0448038176033934,0.933419689119171,0.9551961823966064,0.0,0.0,0.0
rule_only,0.2,2,300,12,2447,218,104,all,1.0,coordinated,0.9852380952380952,0.9852380952380952,0.0587010779644359,0.9988888888888888,0.8702839992608487,0.1943233980000513,300.0,1.0,1.0,1.0,0.0,0.0,0.00786104664221,0.02067868504772,0.9723611476704396,0.97932131495228,0.0,0.0,0.0
source_dependence,0.2,2,300,12,2447,218,104,all,1.0,coordinated,0.988095238095238,0.988095238095238,0.0220666669124844,0.9877777777777778,0.9512376964650526,0.2484626689993092,300.0,1.0,1.0,1.0,0.0,0.0,0.0062139702028898,0.0111346765641569,0.978232362968791,0.9888653234358432,1.0,0.6666666666666666,0.8
standard_fd,0.2,2,300,12,2447,218,104,all,1.0,coordinated,0.9852380952380952,0.9852380952380952,0.0587010779644359,0.9988888888888888,0.8702839992608487,0.201054889000261,300.0,1.0,1.0,1.0,0.0,0.0,0.00786104664221,0.02067868504772,0.9723611476704396,0.97932131495228,0.0,0.0,0.0
dependency_truth,0.2,3,300,12,2461,207,98,all,1.0,coordinated,0.9985714285714286,0.9985714285714286,0.0014284765013917,1.0,0.9973908689371644,0.5971881959994789,300.0,1.0,1.0,1.0,0.0,0.0,0.0003577305573442,0.0015384615384615,0.9984615384615384,0.9984615384615384,1.0,0.7777777777777778,0.8750000000000001
iterative_truth,0.2,3,300,12,2461,207,98,all,1.0,coordinated,0.9961904761904762,0.9961904761904762,0.0083389754341458,1.0,0.9847687520121924,0.4619309999998222,300.0,1.0,1.0,1.0,0.0,0.0,0.001788652786721,0.0046153846153846,0.9923312883435584,0.9953846153846154,0.0,0.0,0.0
majority,0.2,3,300,12,2461,207,98,all,1.0,coordinated,0.9852380952380952,0.9852380952380952,0.0391696477362699,0.9722222222222222,0.928456124738866,0.2080858799999987,300.0,1.0,1.0,1.0,0.0,0.0,0.0063676039207269,0.0184615384615384,0.9728575785300396,0.9815384615384616,0.0,0.0,0.0
no_repair,0.2,3,300,12,2461,207,98,all,1.0,coordinated,0.6704761904761904,0.6704761904761904,0.5474912785098834,0.6588888888888889,0.0,0.1572903100004623,300.0,1.0,1.0,1.0,0.0,0.0,0.2893324747799957,0.2286153846153846,0.3826896656998931,0.7713846153846153,0.0,0.0,0.0
outlier_removal,0.2,3,300,12,2461,207,98,all,1.0,coordinated,0.9876190476190476,0.9876190476190476,0.0391696477362699,0.9977777777777778,0.928456124738866,0.3140983169996616,300.0,1.0,1.0,1.0,0.0,0.0,0.0065106961436645,0.011076923076923,0.972465960665658,0.9889230769230768,0.0,0.0,0.0
parc,0.2,3,300,12,2461,207,98,all,1.0,coordinated,0.9985714285714286,0.9985714285714286,0.0014284765013917,1.0,0.9973908689371644,0.6250205689993891,300.0,1.0,1.0,1.0,0.0,0.0,0.0003577305573442,0.0015384615384615,0.9984615384615384,0.9984615384615384,1.0,0.7777777777777778,0.8750000000000001
provenance_unaware,0.2,3,300,12,2461,207,98,all,1.0,coordinated,0.9685714285714284,0.9685714285714284,0.1066456371997714,0.9655555555555556,0.8052103451035224,0.1755319610001606,300.0,1.0,1.0,1.0,0.0,0.0,0.0183873506474923,0.0403076923076923,0.9238744075829384,0.9596923076923076,0.0,0.0,0.0
random_weighting,0.2,3,300,12,2461,207,98,all,1.0,coordinated,0.9752380952380952,0.9752380952380952,0.0928550673951586,0.9666666666666668,0.8303990017012071,0.170604696000737,300.0,1.0,1.0,1.0,0.0,0.0,0.0137368534020176,0.0261538461538461,0.9428060768543344,0.9738461538461538,0.0,0.0,0.0
rule_only,0.2,3,300,12,2461,207,98,all,1.0,coordinated,0.9876190476190476,0.9876190476190476,0.0391696477362699,0.9977777777777778,0.928456124738866,0.1873082120000617,300.0,1.0,1.0,1.0,0.0,0.0,0.0065106961436645,0.011076923076923,0.972465960665658,0.9889230769230768,0.0,0.0,0.0
source_dependence,0.2,3,300,12,2461,207,98,all,1.0,coordinated,0.9895238095238096,0.9895238095238096,0.0077250543499321,0.9922222222222222,0.9858900869234712,0.258321985999828,300.0,1.0,1.0,1.0,0.0,0.0,0.0044358589110681,0.0107692307692307,0.981080256332011,0.9892307692307692,1.0,0.7777777777777778,0.8750000000000001
standard_fd,0.2,3,300,12,2461,207,98,all,1.0,coordinated,0.9876190476190476,0.9876190476190476,0.0391696477362699,0.9977777777777778,0.928456124738866,0.1888055469999017,300.0,1.0,1.0,1.0,0.0,0.0,0.0065106961436645,0.011076923076923,0.972465960665658,0.9889230769230768,0.0,0.0,0.0
dependency_truth,0.2,4,300,12,2345,368,104,all,1.0,coordinated,0.998095238095238,0.998095238095238,0.0143051429950356,1.0,0.9800149460911438,0.6293836400000146,300.0,1.0,1.0,1.0,0.0,0.0,0.0008076358296622,0.0021466905187835,0.9960714285714286,0.9978533094812164,1.0,0.7777777777777778,0.8750000000000001
iterative_truth,0.2,4,300,12,2345,368,104,all,1.0,coordinated,0.9995238095238096,0.9995238095238096,0.0035733327750045,1.0,0.9950078619858934,0.4942837350000104,300.0,1.0,1.0,1.0,0.0,0.0,7.342143906020558e-05,0.0003577817531305,0.9996422182468694,0.9996422182468694,0.0,0.0,0.0
majority,0.2,4,300,12,2345,368,104,all,1.0,coordinated,0.9952380952380953,0.9952380952380953,0.0253209823837952,0.9944444444444444,0.9646252261762808,0.2157348669999805,300.0,1.0,1.0,1.0,0.0,0.0,0.0022760646108663,0.0107334525939177,0.9889127324749644,0.9892665474060824,0.0,0.0,0.0
no_repair,0.2,4,300,12,2345,368,104,all,1.0,coordinated,0.6357142857142857,0.6357142857142857,0.7157920644235253,0.5900000000000001,0.0,0.1611622530000431,300.0,1.0,1.0,1.0,0.0,0.0,0.3444199706314244,0.2711985688729875,0.3027645659928656,0.7288014311270126,0.0,0.0,0.0
outlier_removal,0.2,4,300,12,2345,368,104,all,1.0,coordinated,0.9961904761904762,0.9961904761904762,0.0253209823837952,0.9988888888888888,0.9646252261762808,0.2815095910000309,300.0,1.0,1.0,1.0,0.0,0.0,0.0016152716593245,0.0071556350626118,0.9921344297461566,0.992844364937388,0.0,0.0,0.0
parc,0.2,4,300,12,2345,368,104,all,1.0,coordinated,0.9985714285714286,0.9985714285714286,0.0141526757364252,1.0,0.9802279510491312,0.6808905449999543,300.0,1.0,1.0,1.0,0.0,0.0,0.0005873715124816,0.0017889087656529,0.9971408148677628,0.998211091234347,1.0,0.7777777777777778,0.8750000000000001
provenance_unaware,0.2,4,300,12,2345,368,104,all,1.0,coordinated,0.9885714285714284,0.9885714285714284,0.0418480195876186,0.9811111111111112,0.9415360665931362,0.1685579830000279,300.0,1.0,1.0,1.0,0.0,0.0,0.005726872246696,0.027906976744186,0.972093023255814,0.972093023255814,0.0,0.0,0.0
random_weighting,0.2,4,300,12,2345,368,104,all,1.0,coordinated,0.9747619047619048,0.9747619047619048,0.0903391107642972,0.9633333333333334,0.8737914049982473,0.1779397349999953,300.0,1.0,1.0,1.0,0.0,0.0,0.0160058737151248,0.0483005366726296,0.9242529534398888,0.9516994633273704,0.0,0.0,0.0
rule_only,0.2,4,300,12,2345,368,104,all,1.0,coordinated,0.9961904761904762,0.9961904761904762,0.0253209823837952,0.9988888888888888,0.9646252261762808,0.1779739109999809,300.0,1.0,1.0,1.0,0.0,0.0,0.0016152716593245,0.0071556350626118,0.9921344297461566,0.992844364937388,0.0,0.0,0.0
source_dependence,0.2,4,300,12,2345,368,104,all,1.0,coordinated,0.9909523809523808,0.9909523809523808,0.0123644529078828,0.9911111111111112,0.982726194488003,0.2735992259999875,300.0,1.0,1.0,1.0,0.0,0.0,0.0050660792951541,0.0093023255813953,0.9756871035940804,0.9906976744186048,1.0,0.7777777777777778,0.8750000000000001
standard_fd,0.2,4,300,12,2345,368,104,all,1.0,coordinated,0.9961904761904762,0.9961904761904762,0.0253209823837952,0.9988888888888888,0.9646252261762808,0.1912027429999625,300.0,1.0,1.0,1.0,0.0,0.0,0.0016152716593245,0.0071556350626118,0.9921344297461566,0.992844364937388,0.0,0.0,0.0
dependency_truth,0.25,0,300,12,2646,495,297,all,1.0,coordinated,0.9866666666666668,0.9800888888888888,0.0124647730827467,1.0,0.9810196187440148,0.6288883290008016,300.0,0.9933333333333332,0.9933333333333332,0.9933333333333332,0.0066666666666666,0.0066666666666666,0.0030251604810743,0.005103082261686,0.9916581892166836,0.994896917738314,1.0,0.4444444444444444,0.6153846153846153
iterative_truth,0.25,0,300,12,2646,495,297,all,1.0,coordinated,0.9438095238095238,0.9375174603174602,0.1958734419147427,0.9933333333333332,0.7017392470136594,0.4421120319993861,300.0,0.9933333333333332,0.9933333333333332,0.9933333333333332,0.0066666666666666,0.0066666666666666,0.032538921272043,0.0555215350071443,0.9129834254143646,0.9444784649928556,0.0,0.0,0.0
majority,0.25,0,300,12,2646,495,297,all,1.0,coordinated,0.9285714285714286,0.9223809523809524,0.3044071468678296,0.9177777777777778,0.5364726123578228,0.2466558500000246,300.0,0.9933333333333332,0.9933333333333332,0.9933333333333332,0.0066666666666666,0.0066666666666666,0.0394008706559433,0.0810369463155746,0.8939634630659253,0.9189630536844254,0.0,0.0,0.0
no_repair,0.25,0,300,12,2646,495,297,all,1.0,coordinated,0.6066666666666667,0.6026222222222222,0.6567187937184386,0.6266666666666667,0.0,0.1705952699994668,300.0,0.9933333333333332,0.9933333333333332,0.9933333333333332,0.0066666666666666,0.0066666666666666,0.3447207260385154,0.2220861400285772,0.4492514440645997,0.7779138599714227,0.0,0.0,0.0
outlier_removal,0.25,0,300,12,2646,495,297,all,1.0,coordinated,0.929047619047619,0.922853968253968,0.3044071468678296,0.9933333333333332,0.5364726123578228,0.3050474760002544,300.0,0.9933333333333332,0.9933333333333332,0.9933333333333332,0.0066666666666666,0.0066666666666666,0.0408765586954917,0.0714431516636048,0.8914364099549285,0.9285568483363952,0.0,0.0,0.0
parc,0.25,0,300,12,2646,495,297,all,1.0,coordinated,0.9866666666666668,0.9800888888888888,0.0124647730827467,1.0,0.9810196187440148,0.8905448450004769,300.0,0.9933333333333332,0.9933333333333332,0.9933333333333332,0.0066666666666666,0.0066666666666666,0.0030251604810743,0.005103082261686,0.9916581892166836,0.994896917738314,1.0,0.4444444444444444,0.6153846153846153
provenance_unaware,0.25,0,300,12,2646,495,297,all,1.0,coordinated,0.8838095238095238,0.8779174603174603,0.3757892039521983,0.8744444444444445,0.4277776004788526,0.1751998059999095,300.0,0.9933333333333332,0.9933333333333332,0.9933333333333332,0.0066666666666666,0.0066666666666666,0.0788017413118866,0.1118595631761584,0.8029156670972504,0.8881404368238416,0.0,0.0,0.0
random_weighting,0.25,0,300,12,2646,495,297,all,1.0,coordinated,0.9495238095238095,0.9431936507936508,0.1242856807854387,0.95,0.8107474889187882,0.2033795849993112,300.0,0.9933333333333332,0.9933333333333332,0.9933333333333332,0.0066666666666666,0.0066666666666666,0.0260458938980299,0.0522555623596652,0.9293434747798238,0.9477444376403348,0.0,0.0,0.0
rule_only,0.25,0,300,12,2646,495,297,all,1.0,coordinated,0.929047619047619,0.922853968253968,0.3044071468678296,0.9933333333333332,0.5364726123578228,0.2167062320004333,300.0,0.9933333333333332,0.9933333333333332,0.9933333333333332,0.0066666666666666,0.0066666666666666,0.0408765586954917,0.0714431516636048,0.8914364099549285,0.9285568483363952,0.0,0.0,0.0
source_dependence,0.25,0,300,12,2646,495,297,all,1.0,coordinated,0.9723809523809523,0.9658984126984126,0.0423746236463074,0.9777777777777776,0.9354752383339358,0.2616885329998695,300.0,0.9933333333333332,0.9933333333333332,0.9933333333333332,0.0066666666666666,0.0066666666666666,0.0101084630709068,0.0197999591753419,0.9722615914152662,0.980200040824658,1.0,0.4444444444444444,0.6153846153846153
standard_fd,0.25,0,300,12,2646,495,297,all,1.0,coordinated,0.929047619047619,0.922853968253968,0.3044071468678296,0.9933333333333332,0.5364726123578228,0.221643406000112,300.0,0.9933333333333332,0.9933333333333332,0.9933333333333332,0.0066666666666666,0.0066666666666666,0.0408765586954917,0.0714431516636048,0.8914364099549285,0.9285568483363952,0.0,0.0,0.0
dependency_truth,0.25,1,300,12,2558,447,270,all,1.0,coordinated,0.9842857142857144,0.9777238095238096,0.0149349687542358,1.0,0.9739601303157608,0.6335398749997694,300.0,0.9933333333333332,0.9933333333333332,0.9933333333333332,0.0066666666666666,0.0066666666666666,0.0084250979232872,0.0053776011222819,0.9739010989010988,0.994622398877718,1.0,0.5555555555555556,0.7142857142857143
iterative_truth,0.25,1,300,12,2558,447,270,all,1.0,coordinated,0.931904761904762,0.9256920634920636,0.304432046950753,0.9955555555555556,0.4692074043974525,0.4401026020004792,300.0,0.9933333333333332,0.9933333333333332,0.9933333333333332,0.0066666666666666,0.0066666666666666,0.0444165250166284,0.0862754267009586,0.8667110223996451,0.9137245732990412,0.0,0.0,0.0
majority,0.25,1,300,12,2558,447,270,all,1.0,coordinated,0.9257142857142856,0.9195428571428572,0.2275915920034285,0.9244444444444444,0.6031826048971846,0.2106055020003623,300.0,0.9933333333333332,0.9933333333333332,0.9933333333333332,0.0066666666666666,0.0066666666666666,0.0454511861651023,0.0991349076455459,0.862354521038496,0.900865092354454,0.0,0.0,0.0
no_repair,0.25,1,300,12,2558,447,270,all,1.0,coordinated,0.7257142857142858,0.7208761904761904,0.5735423769526524,0.7266666666666667,0.0,0.1753215150001779,300.0,0.9933333333333332,0.9933333333333332,0.9933333333333332,0.0066666666666666,0.0066666666666666,0.2336117064518513,0.1945288753799392,0.5214956100514684,0.8054711246200608,0.0,0.0,0.0
outlier_removal,0.25,1,300,12,2558,447,270,all,1.0,coordinated,0.923809523809524,0.9176507936507936,0.2275915920034285,0.9944444444444444,0.6031826048971846,0.2671552039992093,300.0,0.9933333333333332,0.9933333333333332,0.9933333333333332,0.0066666666666666,0.0066666666666666,0.0493681176557534,0.0860416179565115,0.854052873060957,0.9139583820434884,0.0,0.0,0.0
parc,0.25,1,300,12,2558,447,270,all,1.0,coordinated,0.9842857142857144,0.9777238095238096,0.0149349687542358,1.0,0.9739601303157608,0.5962599959993895,300.0,0.9933333333333332,0.9933333333333332,0.9933333333333332,0.0066666666666666,0.0066666666666666,0.0084250979232872,0.0053776011222819,0.9739010989010988,0.994622398877718,1.0,0.5555555555555556,0.7142857142857143
provenance_unaware,0.25,1,300,12,2558,447,270,all,1.0,coordinated,0.8638095238095238,0.8580507936507936,0.6053866402512842,0.89,-0.0555220757493575,0.1714797810000163,300.0,0.9933333333333332,0.9933333333333332,0.9933333333333332,0.0066666666666666,0.0066666666666666,0.0985145222082625,0.1681084872574234,0.7274585974238397,0.8318915127425766,0.0,0.0,0.0
random_weighting,0.25,1,300,12,2558,447,270,all,1.0,coordinated,0.9166666666666666,0.9105555555555556,0.3091110438560265,0.93,0.4610493378041279,0.1753365619997566,300.0,0.9933333333333332,0.9933333333333332,0.9933333333333332,0.0066666666666666,0.0066666666666666,0.0538023797206414,0.0991349076455459,0.8410827330277232,0.900865092354454,0.0,0.0,0.0
rule_only,0.25,1,300,12,2558,447,270,all,1.0,coordinated,0.923809523809524,0.9176507936507936,0.2275915920034285,0.9944444444444444,0.6031826048971846,0.1951834950004922,300.0,0.9933333333333332,0.9933333333333332,0.9933333333333332,0.0066666666666666,0.0066666666666666,0.0493681176557534,0.0860416179565115,0.854052873060957,0.9139583820434884,0.0,0.0,0.0
source_dependence,0.25,1,300,12,2558,447,270,all,1.0,coordinated,0.9738095238095238,0.9673174603174602,0.0370697734971502,0.9888888888888888,0.9353669842251072,0.2407907150000028,300.0,0.9933333333333332,0.9933333333333332,0.9933333333333332,0.0066666666666666,0.0066666666666666,0.0121203163106939,0.016834229600187,0.9624628061341268,0.9831657703998128,1.0,0.5555555555555556,0.7142857142857143
standard_fd,0.25,1,300,12,2558,447,270,all,1.0,coordinated,0.923809523809524,0.9176507936507936,0.2275915920034285,0.9944444444444444,0.6031826048971846,0.2010260600000037,300.0,0.9933333333333332,0.9933333333333332,0.9933333333333332,0.0066666666666666,0.0066666666666666,0.0493681176557534,0.0860416179565115,0.854052873060957,0.9139583820434884,0.0,0.0,0.0
dependency_truth,0.25,2,300,12,2631,478,288,all,1.0,coordinated,0.9776190476190476,0.9743603174603176,0.0328456672988164,1.0,0.9442383277148026,1.1172297999992225,300.0,0.9966666666666668,0.9966666666666668,0.9966666666666668,0.0033333333333333,0.0033333333333333,0.012976359161757,0.0153256704980842,0.965592248368598,0.9846743295019156,1.0,0.7777777777777778,0.8750000000000001
iterative_truth,0.25,2,300,12,2631,478,288,all,1.0,coordinated,0.9195238095238096,0.91645873015873,0.4174571585128144,0.9933333333333332,0.2912882830381691,0.4542416479998792,300.0,0.9966666666666668,0.9966666666666668,0.9966666666666668,0.0033333333333333,0.0033333333333333,0.05242747408457,0.0943738656987295,0.8646515209857528,0.9056261343012704,0.0,0.0,0.0
majority,0.25,2,300,12,2631,478,288,all,1.0,coordinated,0.9266666666666666,0.9235777777777778,0.2635689858133218,0.9177777777777778,0.5525422796938004,0.248671060999186,300.0,0.9966666666666668,0.9966666666666668,0.9966666666666668,0.0033333333333333,0.0033333333333333,0.0428070698784398,0.0941722121395442,0.8866956178444532,0.9058277878604556,0.0,0.0,0.0
no_repair,0.25,2,300,12,2631,478,288,all,1.0,coordinated,0.5842857142857143,0.5823380952380953,0.5890366259251467,0.5755555555555556,0.0,0.1524316799996086,300.0,0.9966666666666668,0.9966666666666668,0.9966666666666668,0.0033333333333333,0.0033333333333333,0.3672160489223656,0.2298850574712643,0.4368065881276449,0.7701149425287356,0.0,0.0,0.0
outlier_removal,0.25,2,300,12,2631,478,288,all,1.0,coordinated,0.9314285714285714,0.9283238095238096,0.2635689858133218,0.9944444444444444,0.5525422796938004,0.5999218510005448,300.0,0.9966666666666668,0.9966666666666668,0.9966666666666668,0.0033333333333333,0.0033333333333333,0.0407934969050637,0.0792498487598306,0.8930177977703893,0.9207501512401692,0.0,0.0,0.0
parc,0.25,2,300,12,2631,478,288,all,1.0,coordinated,0.9776190476190476,0.9743603174603176,0.0328456672988164,1.0,0.9442383277148026,1.007029375999991,300.0,0.9966666666666668,0.9966666666666668,0.9966666666666668,0.0033333333333333,0.0033333333333333,0.012976359161757,0.0153256704980842,0.965592248368598,0.9846743295019156,1.0,0.7777777777777778,0.8750000000000001
provenance_unaware,0.25,2,300,12,2631,478,288,all,1.0,coordinated,0.85,0.8471666666666666,0.5993594647626941,0.8477777777777777,-0.0175249524107845,0.1897397299999283,300.0,0.9966666666666668,0.9966666666666668,0.9966666666666668,0.0033333333333333,0.0033333333333333,0.1094787083302259,0.1647509578544061,0.7383244206773618,0.8352490421455939,0.0,0.0,0.0
random_weighting,0.25,2,300,12,2631,478,288,all,1.0,coordinated,0.908095238095238,0.905068253968254,0.4168374589252845,0.9,0.2923403391587145,0.1795425720001731,300.0,0.9966666666666668,0.9966666666666668,0.9966666666666668,0.0033333333333333,0.0033333333333333,0.0640614512640763,0.0963904012905827,0.8391385767790263,0.9036095987094171,0.0,0.0,0.0
rule_only,0.25,2,300,12,2631,478,288,all,1.0,coordinated,0.9314285714285714,0.9283238095238096,0.2635689858133218,0.9944444444444444,0.5525422796938004,0.1942890869995608,300.0,0.9966666666666668,0.9966666666666668,0.9966666666666668,0.0033333333333333,0.0033333333333333,0.0407934969050637,0.0792498487598306,0.8930177977703893,0.9207501512401692,0.0,0.0,0.0
source_dependence,0.25,2,300,12,2631,478,288,all,1.0,coordinated,0.9761904761904762,0.972936507936508,0.0510662976146141,0.9877777777777778,0.9133053950008476,0.5467394240004069,300.0,0.9966666666666668,0.9966666666666668,0.9966666666666668,0.0033333333333333,0.0033333333333333,0.012976359161757,0.0131074813470457,0.9656669297553276,0.9868925186529542,1.0,0.7777777777777778,0.8750000000000001
standard_fd,0.25,2,300,12,2631,478,288,all,1.0,coordinated,0.9314285714285714,0.9283238095238096,0.2635689858133218,0.9944444444444444,0.5525422796938004,0.2046783600007984,300.0,0.9966666666666668,0.9966666666666668,0.9966666666666668,0.0033333333333333,0.0033333333333333,0.0407934969050637,0.0792498487598306,0.8930177977703893,0.9207501512401692,0.0,0.0,0.0
dependency_truth,0.25,3,300,12,2654,623,291,all,1.0,coordinated,0.9809523809523808,0.9711428571428572,0.0020573452872926,1.0,0.997784668184588,0.7749487070004761,300.0,0.99,0.99,0.99,0.01,0.01,0.0069469570880671,0.0037028969723371,0.9794432548179872,0.9962971030276628,1.0,0.5555555555555556,0.7142857142857143
iterative_truth,0.25,3,300,12,2654,623,291,all,1.0,coordinated,0.9704761904761904,0.9607714285714286,0.0837812021343409,0.9977777777777778,0.9097851178564628,0.4725428040001134,300.0,0.99,0.99,0.99,0.01,0.01,0.0109993487227729,0.0280984534959703,0.9670567837017772,0.9719015465040296,0.0,0.0,0.0
majority,0.25,3,300,12,2654,623,291,all,1.0,coordinated,0.9376190476190476,0.928242857142857,0.1894167209274526,0.9377777777777778,0.7960376943853713,0.2194701850003184,300.0,0.99,0.99,0.99,0.01,0.01,0.0343006006223315,0.08189936832934,0.8989123480486244,0.91810063167066,0.0,0.0,0.0
no_repair,0.25,3,300,12,2654,623,291,all,1.0,coordinated,0.54,0.5346000000000001,0.9286849369380102,0.4855555555555555,0.0,0.1507519500000853,300.0,0.99,0.99,0.99,0.01,0.01,0.4252840292351111,0.2711827488564582,0.3627886804727312,0.7288172511435417,0.0,0.0,0.0
outlier_removal,0.25,3,300,12,2654,623,291,all,1.0,coordinated,0.9385714285714286,0.9291857142857144,0.1894167209274526,0.9933333333333332,0.7960376943853713,0.2898934969998663,300.0,0.99,0.99,0.99,0.01,0.01,0.0342282364859975,0.0699194075364844,0.9002740881298756,0.9300805924635156,0.0,0.0,0.0
parc,0.25,3,300,12,2654,623,291,all,1.0,coordinated,0.9814285714285714,0.9716142857142857,0.0019233153385347,1.0,0.9979289904874776,1.0862500559996988,300.0,0.99,0.99,0.99,0.01,0.01,0.006802228815399,0.0034850795033761,0.9798672092525166,0.9965149204966238,1.0,0.5555555555555556,0.7142857142857143
provenance_unaware,0.25,3,300,12,2654,623,291,all,1.0,coordinated,0.9038095238095238,0.8947714285714286,0.3688472785217795,0.9166666666666666,0.6028284040678911,0.4590783330004342,300.0,0.99,0.99,0.99,0.01,0.01,0.0613647876112598,0.122631235025049,0.8260869565217391,0.877368764974951,0.0,0.0,0.0
random_weighting,0.25,3,300,12,2654,623,291,all,1.0,coordinated,0.9357142857142856,0.9263571428571428,0.1873552475443711,0.9522222222222222,0.7982574712990342,0.1863240580005367,300.0,0.99,0.99,0.99,0.01,0.01,0.0405962804833924,0.0727510346329775,0.8835616438356164,0.9272489653670224,0.0,0.0,0.0
rule_only,0.25,3,300,12,2654,623,291,all,1.0,coordinated,0.9385714285714286,0.9291857142857144,0.1894167209274526,0.9933333333333332,0.7960376943853713,0.1904174219998822,300.0,0.99,0.99,0.99,0.01,0.01,0.0342282364859975,0.0699194075364844,0.9002740881298756,0.9300805924635156,0.0,0.0,0.0
source_dependence,0.25,3,300,12,2654,623,291,all,1.0,coordinated,0.9742857142857144,0.9645428571428571,0.0172221493023939,0.9944444444444444,0.9814553368775664,0.2532812489998832,300.0,0.99,0.99,0.99,0.01,0.01,0.0102757073594326,0.0145937704203877,0.9695670810115732,0.9854062295796124,1.0,0.5555555555555556,0.7142857142857143
standard_fd,0.25,3,300,12,2654,623,291,all,1.0,coordinated,0.9385714285714286,0.9291857142857144,0.1894167209274526,0.9933333333333332,0.7960376943853713,0.1976523350003844,300.0,0.99,0.99,0.99,0.01,0.01,0.0342282364859975,0.0699194075364844,0.9002740881298756,0.9300805924635156,0.0,0.0,0.0
dependency_truth,0.25,4,300,12,2523,613,282,all,1.0,coordinated,0.9771428571428572,0.9641142857142858,0.0134210738236402,1.0,0.9844439296762376,0.6268108149999989,300.0,0.9866666666666668,0.9866666666666668,0.9866666666666668,0.0133333333333333,0.0133333333333333,0.0088105726872246,0.0023364485981308,0.9697199091597276,0.9976635514018692,1.0,0.5555555555555556,0.7142857142857143
iterative_truth,0.25,4,300,12,2523,613,282,all,1.0,coordinated,0.9633333333333334,0.950488888888889,0.1241541142717264,1.0,0.8560957075436488,0.44244171400004,300.0,0.9866666666666668,0.9866666666666668,0.9866666666666668,0.0133333333333333,0.0133333333333333,0.0167400881057268,0.053478712357217,0.9411461022199276,0.946521287642783,0.0,0.0,0.0
majority,0.25,4,300,12,2523,613,282,all,1.0,coordinated,0.931904761904762,0.9194793650793652,0.2847173928427122,0.9488888888888888,0.6699903566838297,0.2211913680000066,300.0,0.9866666666666668,0.9866666666666668,0.9866666666666668,0.0133333333333333,0.0133333333333333,0.034287812041116,0.1160436137071651,0.8793904958677686,0.8839563862928349,0.0,0.0,0.0
no_repair,0.25,4,300,12,2523,613,282,all,1.0,coordinated,0.6095238095238096,0.6013968253968255,0.8627547667446032,0.5666666666666667,0.0,0.1661839859999645,300.0,0.9866666666666668,0.9866666666666668,0.9866666666666668,0.0133333333333333,0.0133333333333333,0.3477973568281938,0.313343717549325,0.3583039826605256,0.686656282450675,0.0,0.0,0.0
outlier_removal,0.25,4,300,12,2523,613,282,all,1.0,coordinated,0.9295238095238096,0.9171301587301588,0.2847173928427122,0.9955555555555556,0.6699903566838297,0.2853139250000254,300.0,0.9866666666666668,0.9866666666666668,0.9866666666666668,0.0133333333333333,0.0133333333333333,0.0379588839941262,0.1092938733125649,0.8690476190476191,0.8907061266874351,0.0,0.0,0.0
parc,0.25,4,300,12,2523,613,282,all,1.0,coordinated,0.9771428571428572,0.9641142857142858,0.0134210738236402,1.0,0.9844439296762376,0.6723483490000035,300.0,0.9866666666666668,0.9866666666666668,0.9866666666666668,0.0133333333333333,0.0133333333333333,0.0088105726872246,0.0023364485981308,0.9697199091597276,0.9976635514018692,1.0,0.5555555555555556,0.7142857142857143
provenance_unaware,0.25,4,300,12,2523,613,282,all,1.0,coordinated,0.9057142857142856,0.8936380952380953,0.3940261618123438,0.9244444444444444,0.543292976173164,0.170000109,300.0,0.9866666666666668,0.9866666666666668,0.9866666666666668,0.0133333333333333,0.0133333333333333,0.0546255506607929,0.1500519210799584,0.8148332503733201,0.8499480789200415,0.0,0.0,0.0
random_weighting,0.25,4,300,12,2523,613,282,all,1.0,coordinated,0.908095238095238,0.8959873015873017,0.3206968834698776,0.9166666666666666,0.628287323546238,0.1802993680000213,300.0,0.9866666666666668,0.9866666666666668,0.9866666666666668,0.0133333333333333,0.0133333333333333,0.0560205580029368,0.1329179646936656,0.8140385084084816,0.8670820353063343,0.0,0.0,0.0
rule_only,0.25,4,300,12,2523,613,282,all,1.0,coordinated,0.9295238095238096,0.9171301587301588,0.2847173928427122,0.9955555555555556,0.6699903566838297,0.196191309000028,300.0,0.9866666666666668,0.9866666666666668,0.9866666666666668,0.0133333333333333,0.0133333333333333,0.0379588839941262,0.1092938733125649,0.8690476190476191,0.8907061266874351,0.0,0.0,0.0
source_dependence,0.25,4,300,12,2523,613,282,all,1.0,coordinated,0.969047619047619,0.9561269841269844,0.0284746304268061,0.9933333333333332,0.9669956846089088,0.251491585999986,300.0,0.9866666666666668,0.9866666666666668,0.9866666666666668,0.0133333333333333,0.0133333333333333,0.0124082232011747,0.0228452751817237,0.9570302568014238,0.9771547248182764,1.0,0.5555555555555556,0.7142857142857143
standard_fd,0.25,4,300,12,2523,613,282,all,1.0,coordinated,0.9295238095238096,0.9171301587301588,0.2847173928427122,0.9955555555555556,0.6699903566838297,0.1940634059999979,300.0,0.9866666666666668,0.9866666666666668,0.9866666666666668,0.0133333333333333,0.0133333333333333,0.0379588839941262,0.1092938733125649,0.8690476190476191,0.8907061266874351,0.0,0.0,0.0
dependency_truth,0.3,0,300,12,2748,787,399,all,1.0,coordinated,0.9747619047619048,0.9650142857142856,0.0213654923278103,1.0,0.983093559396106,0.6088403820003805,300.0,0.99,0.99,0.99,0.01,0.01,0.0124749387391401,0.0104295563019268,0.9708636836628513,0.9895704436980732,1.0,0.4444444444444444,0.6153846153846153
iterative_truth,0.3,0,300,12,2748,787,399,all,1.0,coordinated,0.9314285714285714,0.9221142857142856,0.2692220269379567,0.9977777777777778,0.7869655359281411,0.4749525229999563,300.0,0.99,0.99,0.99,0.01,0.01,0.0436622855869904,0.0579812621530846,0.9006253168835558,0.9420187378469154,0.0,0.0,0.0
majority,0.3,0,300,12,2748,787,399,all,1.0,coordinated,0.8966666666666666,0.8876999999999999,0.3365269477020762,0.8866666666666667,0.7337073835865149,0.2558274839993828,300.0,0.99,0.99,0.99,0.01,0.01,0.0649736392663548,0.0915679688881032,0.8545061523112737,0.9084320311118969,0.0,0.0,0.0
no_repair,0.3,0,300,12,2748,787,399,all,1.0,coordinated,0.4609523809523809,0.4563428571428571,1.2637486995866791,0.4466666666666666,0.0,0.2089404669995929,300.0,0.99,0.99,0.99,0.01,0.01,0.4855572881859359,0.2432384656178186,0.3956561922365988,0.7567615343821814,0.0,0.0,0.0
outlier_removal,0.3,0,300,12,2748,787,399,all,1.0,coordinated,0.8980952380952381,0.8891142857142856,0.3308098908111915,0.9877777777777778,0.7382312710435343,0.2710082769999644,300.0,0.99,0.99,0.99,0.01,0.01,0.0651964060295537,0.084143538978257,0.8550915992738075,0.915856461021743,0.0,0.0,0.0
parc,0.3,0,300,12,2748,787,399,all,1.0,coordinated,0.9742857142857144,0.9645428571428571,0.0262773804184381,1.0,0.9792067992417856,0.6688964020004278,300.0,0.99,0.99,0.99,0.01,0.01,0.012697705502339,0.010783100583348,0.9703485347667764,0.989216899416652,1.0,0.4444444444444444,0.6153846153846153
provenance_unaware,0.3,0,300,12,2748,787,399,all,1.0,coordinated,0.8347619047619048,0.8264142857142858,0.5833942505474812,0.8488888888888889,0.53836213581206,0.1806269509997946,300.0,0.99,0.99,0.99,0.01,0.01,0.1181406400831662,0.1366448647693123,0.7542857142857143,0.8633551352306876,0.0,0.0,0.0
random_weighting,0.3,0,300,12,2748,787,399,all,1.0,coordinated,0.929047619047619,0.9197571428571428,0.180634025173947,0.9,0.8570649170732876,0.1779583960005766,300.0,0.99,0.99,0.99,0.01,0.01,0.0405435509022053,0.0558599964645571,0.9072532699167658,0.9441400035354428,0.0,0.0,0.0
rule_only,0.3,0,300,12,2748,787,399,all,1.0,coordinated,0.8980952380952381,0.8891142857142856,0.3365269477020762,0.9877777777777778,0.7337073835865149,0.187338501999875,300.0,0.99,0.99,0.99,0.01,0.01,0.0651964060295537,0.0839667668375464,0.8551155115511551,0.9160332331624536,0.0,0.0,0.0
source_dependence,0.3,0,300,12,2748,787,399,all,1.0,coordinated,0.9633333333333334,0.9537,0.051029588056117,0.9688888888888888,0.9596204624599758,0.2698140470001817,300.0,0.99,0.99,0.99,0.01,0.01,0.0196034751615059,0.0236874668552236,0.9543805080352514,0.9763125331447764,1.0,0.4444444444444444,0.6153846153846153
standard_fd,0.3,0,300,12,2748,787,399,all,1.0,coordinated,0.8980952380952381,0.8891142857142856,0.3365269477020762,0.9877777777777778,0.7337073835865149,0.1981320069999128,300.0,0.99,0.99,0.99,0.01,0.01,0.0651964060295537,0.0839667668375464,0.8551155115511551,0.9160332331624536,0.0,0.0,0.0
dependency_truth,0.3,1,300,12,2651,707,363,all,1.0,coordinated,0.9795238095238096,0.9697285714285716,0.0127252212116458,1.0,0.9872705316054912,0.6000835289996758,300.0,0.99,0.99,0.99,0.01,0.01,0.0049147367637203,0.0068068068068068,0.986870897155361,0.9931931931931932,1.0,0.5555555555555556,0.7142857142857143
iterative_truth,0.3,1,300,12,2651,707,363,all,1.0,coordinated,0.9195238095238096,0.9103285714285714,0.3984124334541857,0.9977777777777778,0.6014545920040255,0.4539961850005056,300.0,0.99,0.99,0.99,0.01,0.01,0.0539876386923821,0.0568568568568568,0.8666298749080206,0.9431431431431432,0.0,0.0,0.0
majority,0.3,1,300,12,2651,707,363,all,1.0,coordinated,0.911904761904762,0.9027857142857144,0.3228186901312575,0.9055555555555556,0.6770735655721379,0.224582570000166,300.0,0.99,0.99,0.99,0.01,0.01,0.0537642415667585,0.08008008008008,0.8642091404927591,0.91991991991992,0.0,0.0,0.0
no_repair,0.3,1,300,12,2651,707,363,all,1.0,coordinated,0.5604761904761905,0.5548714285714286,0.999666350335192,0.5755555555555556,0.0,0.1448950180001702,300.0,0.99,0.99,0.99,0.01,0.01,0.4009233747859111,0.2408408408408408,0.4132519616390584,0.7591591591591592,0.0,0.0,0.0
outlier_removal,0.3,1,300,12,2651,707,363,all,1.0,coordinated,0.9157142857142856,0.9065571428571428,0.3228186901312575,0.9944444444444444,0.6770735655721379,0.2752426329998343,300.0,0.99,0.99,0.99,0.01,0.01,0.0535408444411348,0.0716716716716716,0.8657580283793876,0.9283283283283283,0.0,0.0,0.0
parc,0.3,1,300,12,2651,707,363,all,1.0,coordinated,0.9795238095238096,0.9697285714285716,0.0154501258381596,1.0,0.9845447175120188,0.690002249999452,300.0,0.99,0.99,0.99,0.01,0.01,0.0046168739295554,0.0074074074074074,0.9876494023904384,0.9925925925925926,1.0,0.5555555555555556,0.7142857142857143
provenance_unaware,0.3,1,300,12,2651,707,363,all,1.0,coordinated,0.830952380952381,0.8226428571428572,0.7146359683261839,0.8555555555555556,0.285125514041196,0.1747592799993071,300.0,0.99,0.99,0.99,0.01,0.01,0.1319532355350361,0.1373373373373373,0.708600559118566,0.8626626626626627,0.0,0.0,0.0
random_weighting,0.3,1,300,12,2651,707,363,all,1.0,coordinated,0.901904761904762,0.8928857142857143,0.358754417532716,0.9155555555555556,0.6411258442255015,0.1924523059997227,300.0,0.99,0.99,0.99,0.01,0.01,0.0692531089433316,0.0846846846846846,0.8309705561613958,0.9153153153153152,0.0,0.0,0.0
rule_only,0.3,1,300,12,2651,707,363,all,1.0,coordinated,0.9157142857142856,0.9065571428571428,0.3228186901312575,0.9944444444444444,0.6770735655721379,0.1885951649992421,300.0,0.99,0.99,0.99,0.01,0.01,0.0535408444411348,0.0716716716716716,0.8657580283793876,0.9283283283283283,0.0,0.0,0.0
source_dependence,0.3,1,300,12,2651,707,363,all,1.0,coordinated,0.9666666666666668,0.957,0.027740029462953,0.9833333333333332,0.972250711996406,0.2537560609998763,300.0,0.99,0.99,0.99,0.01,0.01,0.0100528706530642,0.025025025025025,0.973026973026973,0.974974974974975,1.0,0.5555555555555556,0.7142857142857143
standard_fd,0.3,1,300,12,2651,707,363,all,1.0,coordinated,0.9157142857142856,0.9065571428571428,0.3228186901312575,0.9944444444444444,0.6770735655721379,0.192872157000238,300.0,0.99,0.99,0.99,0.01,0.01,0.0535408444411348,0.0716716716716716,0.8657580283793876,0.9283283283283283,0.0,0.0,0.0
dependency_truth,0.3,2,300,12,2727,750,384,all,1.0,coordinated,0.9676190476190476,0.9482666666666666,0.0050134561840359,1.0,0.995551884420396,0.674510767999891,300.0,0.98,0.98,0.98,0.02,0.02,0.0070079219987812,0.0062067742507536,0.9838483146067416,0.9937932257492464,1.0,0.6666666666666666,0.8
iterative_truth,0.3,2,300,12,2727,750,384,all,1.0,coordinated,0.9114285714285716,0.8932,0.4034918720971543,0.9988888888888888,0.6420077454284001,0.4541267220001828,300.0,0.98,0.98,0.98,0.02,0.02,0.0489031078610603,0.0782053555594963,0.8900684931506849,0.9217946444405036,0.0,0.0,0.0
majority,0.3,2,300,12,2727,750,384,all,1.0,coordinated,0.8919047619047619,0.8740666666666667,0.3661719515489088,0.8944444444444445,0.6751192984023409,0.2104844699997556,300.0,0.98,0.98,0.98,0.02,0.02,0.0597958561852529,0.0971803511260861,0.8664057181756297,0.902819648873914,0.0,0.0,0.0
no_repair,0.3,2,300,12,2727,750,384,all,1.0,coordinated,0.4647619047619047,0.4554666666666667,1.127096653473698,0.4144444444444444,0.0,0.1459160659996996,300.0,0.98,0.98,0.98,0.02,0.02,0.4792047531992687,0.2619258733818053,0.3981632067349086,0.7380741266181947,0.0,0.0,0.0
outlier_removal,0.3,2,300,12,2727,750,384,all,1.0,coordinated,0.8909523809523809,0.8731333333333333,0.3661719515489088,0.9955555555555556,0.6751192984023409,0.2604670090004219,300.0,0.98,0.98,0.98,0.02,0.02,0.0640615478366849,0.0858308210675651,0.859739826551034,0.9141691789324348,0.0,0.0,0.0
parc,0.3,2,300,12,2727,750,384,all,1.0,coordinated,0.968095238095238,0.9487333333333332,0.0038396280244475,1.0,0.9965933462648356,0.6979456560002291,300.0,0.98,0.98,0.98,0.02,0.02,0.0067794028031687,0.0060294378435892,0.984369511766772,0.9939705621564108,1.0,0.6666666666666666,0.8
provenance_unaware,0.3,2,300,12,2727,750,384,all,1.0,coordinated,0.8071428571428572,0.791,0.7991741562743324,0.8244444444444444,0.2909444333710979,0.1781939460006469,300.0,0.98,0.98,0.98,0.02,0.02,0.1381779402803168,0.1537506650115268,0.7245672638931066,0.8462493349884731,0.0,0.0,0.0
random_weighting,0.3,2,300,12,2727,750,384,all,1.0,coordinated,0.8371428571428572,0.8204,0.8026436658819714,0.8588888888888889,0.2878661617810385,0.178605100999448,300.0,0.98,0.98,0.98,0.02,0.02,0.1104509445460085,0.1321156233374711,0.771437578814628,0.8678843766625288,0.0,0.0,0.0
rule_only,0.3,2,300,12,2727,750,384,all,1.0,coordinated,0.8909523809523809,0.8731333333333333,0.3661719515489088,0.9955555555555556,0.6751192984023409,0.1929600660005235,300.0,0.98,0.98,0.98,0.02,0.02,0.0640615478366849,0.0858308210675651,0.859739826551034,0.9141691789324348,0.0,0.0,0.0
source_dependence,0.3,2,300,12,2727,750,384,all,1.0,coordinated,0.9547619047619048,0.9356666666666666,0.0403168680632333,0.9777777777777776,0.9642294492322576,0.2601223279998521,300.0,0.98,0.98,0.98,0.02,0.02,0.0162248628884826,0.0150735946089732,0.9630657187445812,0.9849264053910268,1.0,0.6666666666666666,0.8
standard_fd,0.3,2,300,12,2727,750,384,all,1.0,coordinated,0.8909523809523809,0.8731333333333333,0.3661719515489088,0.9955555555555556,0.6751192984023409,0.1989714569999705,300.0,0.98,0.98,0.98,0.02,0.02,0.0640615478366849,0.0858308210675651,0.859739826551034,0.9141691789324348,0.0,0.0,0.0
dependency_truth,0.3,3,300,12,2759,769,396,all,1.0,coordinated,0.991904761904762,0.9885984126984128,0.0029038268646442,1.0,0.9971506760725412,0.6129826579999644,300.0,0.9966666666666668,0.9966666666666668,0.9966666666666668,0.0033333333333333,0.0033333333333333,0.0019947282182802,0.002104457623876,0.9946605644546148,0.997895542376124,1.0,0.4444444444444444,0.6153846153846153
iterative_truth,0.3,3,300,12,2759,769,396,all,1.0,coordinated,0.9761904761904762,0.972936507936508,0.0851868742356087,1.0,0.9164120278587302,0.4778124699996624,300.0,0.9966666666666668,0.9966666666666668,0.9966666666666668,0.0033333333333333,0.0033333333333333,0.0121820901902115,0.0225750908743064,0.9676136363636364,0.9774249091256936,0.0,0.0,0.0
majority,0.3,3,300,12,2759,769,396,all,1.0,coordinated,0.9271428571428572,0.924052380952381,0.2278680023172377,0.9077777777777778,0.7764089315344512,0.2200887529997999,300.0,0.9966666666666668,0.9966666666666668,0.9966666666666668,0.0033333333333333,0.0033333333333333,0.0455937878464059,0.0769083604361966,0.8828911253430924,0.9230916395638034,0.0,0.0,0.0
no_repair,0.3,3,300,12,2759,769,396,all,1.0,coordinated,0.5290476190476191,0.5272841269841271,1.0191283752121254,0.48,0.0,0.1530748180002774,300.0,0.9966666666666668,0.9966666666666668,0.9966666666666668,0.0033333333333333,0.0033333333333333,0.4261594357768754,0.2686053185383585,0.3899031106578276,0.7313946814616414,0.0,0.0,0.0
outlier_removal,0.3,3,300,12,2759,769,396,all,1.0,coordinated,0.9233333333333332,0.9202555555555556,0.2278680023172377,0.9911111111111112,0.7764089315344512,0.2742051950008317,300.0,0.9966666666666668,0.9966666666666668,0.9966666666666668,0.0033333333333333,0.0033333333333333,0.0496544845764764,0.0717428735412282,0.8743917823031176,0.9282571264587718,0.0,0.0,0.0
parc,0.3,3,300,12,2759,769,396,all,1.0,coordinated,0.9923809523809524,0.989073015873016,0.0027697969158863,1.0,0.9972821903665376,0.6880207859994698,300.0,0.9966666666666668,0.9966666666666668,0.9966666666666668,0.0033333333333333,0.0033333333333333,0.0018522476312602,0.0019131432944327,0.9950410070570284,0.9980868567055672,1.0,0.4444444444444444,0.6153846153846153
provenance_unaware,0.3,3,300,12,2759,769,396,all,1.0,coordinated,0.8828571428571429,0.8799142857142858,0.4007420673867693,0.8833333333333333,0.6067795999661404,0.1801922919994467,300.0,0.9966666666666668,0.9966666666666668,0.9966666666666668,0.0033333333333333,0.0033333333333333,0.0822112987105506,0.1107709967476564,0.8011030679076181,0.8892290032523436,0.0,0.0,0.0
random_weighting,0.3,3,300,12,2759,769,396,all,1.0,coordinated,0.8714285714285714,0.8685238095238096,0.4471476123160539,0.8844444444444445,0.5612450568624557,0.181719164000242,300.0,0.9966666666666668,0.9966666666666668,0.9966666666666668,0.0033333333333333,0.0033333333333333,0.0980978841632827,0.1071360244882341,0.7721707478491066,0.8928639755117659,0.0,0.0,0.0
rule_only,0.3,3,300,12,2759,769,396,all,1.0,coordinated,0.9233333333333332,0.9202555555555556,0.2278680023172377,0.9911111111111112,0.7764089315344512,0.2287420560005557,300.0,0.9966666666666668,0.9966666666666668,0.9966666666666668,0.0033333333333333,0.0033333333333333,0.0496544845764764,0.0717428735412282,0.8743917823031176,0.9282571264587718,0.0,0.0,0.0
source_dependence,0.3,3,300,12,2759,769,396,all,1.0,coordinated,0.9833333333333332,0.9800555555555556,0.02886423389844,0.9944444444444444,0.97167752895465,0.2731839369998852,300.0,0.9966666666666668,0.9966666666666668,0.9966666666666668,0.0033333333333333,0.0033333333333333,0.0056992234808007,0.0130093744021427,0.984729910288223,0.9869906255978572,1.0,0.4444444444444444,0.6153846153846153
standard_fd,0.3,3,300,12,2759,769,396,all,1.0,coordinated,0.9233333333333332,0.9202555555555556,0.2278680023172377,0.9911111111111112,0.7764089315344512,0.2169563500001459,300.0,0.9966666666666668,0.9966666666666668,0.9966666666666668,0.0033333333333333,0.0033333333333333,0.0496544845764764,0.0717428735412282,0.8743917823031176,0.9282571264587718,0.0,0.0,0.0
dependency_truth,0.3,4,300,12,2607,721,366,all,1.0,coordinated,0.981904761904762,0.9720857142857144,0.0162043102201909,1.0,0.9838532667655546,0.6284376639999891,300.0,0.99,0.99,0.99,0.01,0.01,0.0052064237002273,0.0031602708803611,0.9841765099175396,0.9968397291196388,1.0,0.6666666666666666,0.8
iterative_truth,0.3,4,300,12,2607,721,366,all,1.0,coordinated,0.960952380952381,0.9513428571428572,0.1934867611790258,0.9988888888888888,0.8072007339589332,0.4864236189999928,300.0,0.99,0.99,0.99,0.01,0.01,0.0191391068416807,0.0329571106094808,0.9425742574257424,0.9670428893905192,0.0,0.0,0.0
majority,0.3,4,300,12,2607,721,366,all,1.0,coordinated,0.9223809523809524,0.9131571428571428,0.3057010964146357,0.9188888888888888,0.6953851175266859,0.215424659000007,300.0,0.99,0.99,0.99,0.01,0.01,0.0470778030358583,0.1083521444695259,0.860191637630662,0.891647855530474,0.0,0.0,0.0
no_repair,0.3,4,300,12,2607,721,366,all,1.0,coordinated,0.5604761904761905,0.5548714285714286,1.0035658597259005,0.5422222222222222,0.0,0.1566884150000191,300.0,0.99,0.99,0.99,0.01,0.01,0.4076409767544181,0.3130925507900677,0.3537549407114624,0.6869074492099323,0.0,0.0,0.0
outlier_removal,0.3,4,300,12,2607,721,366,all,1.0,coordinated,0.9257142857142856,0.9164571428571427,0.3057010964146357,0.9855555555555556,0.6953851175266859,0.2817778650000377,300.0,0.99,0.99,0.99,0.01,0.01,0.0454645449879005,0.0995485327313769,0.8654805814710349,0.900451467268623,0.0,0.0,0.0
parc,0.3,4,300,12,2607,721,366,all,1.0,coordinated,0.9828571428571428,0.9730285714285716,0.0054725000001599,1.0,0.9945469448296552,0.6651285770000186,300.0,0.99,0.99,0.99,0.01,0.01,0.0047664442326024,0.0024830699774266,0.9855040142729704,0.9975169300225734,1.0,0.6666666666666666,0.8
provenance_unaware,0.3,4,300,12,2607,721,366,all,1.0,coordinated,0.8661904761904762,0.8575285714285714,0.6575339965634208,0.8911111111111111,0.3448023463621907,0.1786412999999811,300.0,0.99,0.99,0.99,0.01,0.01,0.0958421940309452,0.1776523702031602,0.7359595959595959,0.8223476297968397,0.0,0.0,0.0
random_weighting,0.3,4,300,12,2607,721,366,all,1.0,coordinated,0.8757142857142857,0.8669571428571428,0.4637050955299802,0.88,0.5379425365699169,0.1787842489999889,300.0,0.99,0.99,0.99,0.01,0.01,0.0882158832587812,0.1751693002257336,0.7523162445954292,0.8248306997742664,0.0,0.0,0.0
rule_only,0.3,4,300,12,2607,721,366,all,1.0,coordinated,0.9257142857142856,0.9164571428571427,0.3057010964146357,0.9855555555555556,0.6953851175266859,0.2045318749999864,300.0,0.99,0.99,0.99,0.01,0.01,0.0454645449879005,0.0995485327313769,0.8654805814710349,0.900451467268623,0.0,0.0,0.0
source_dependence,0.3,4,300,12,2607,721,366,all,1.0,coordinated,0.9728571428571428,0.9631285714285714,0.0073719657208572,0.9844444444444445,0.992654228270708,0.270282381999948,300.0,0.99,0.99,0.99,0.01,0.01,0.0101928576666422,0.0135440180586907,0.9691727655799512,0.9864559819413092,1.0,0.6666666666666666,0.8
standard_fd,0.3,4,300,12,2607,721,366,all,1.0,coordinated,0.9257142857142856,0.9164571428571427,0.3057010964146357,0.9855555555555556,0.6953851175266859,0.1959051229999886,300.0,0.99,0.99,0.99,0.01,0.01,0.0454645449879005,0.0995485327313769,0.8654805814710349,0.900451467268623,0.0,0.0,0.0
dependency_truth,0.35,0,300,12,2979,1113,630,all,1.0,coordinated,0.9704761904761904,0.9607714285714286,0.0454688657842605,1.0,0.962002505588015,0.7628347290001329,300.0,0.99,0.99,0.99,0.01,0.01,0.0150425594364543,0.0127094165222414,0.9708848174975144,0.9872905834777586,1.0,0.3333333333333333,0.5
iterative_truth,0.35,0,300,12,2979,1113,630,all,1.0,coordinated,0.8990476190476191,0.8900571428571429,0.5656207224518575,0.9955555555555556,0.527321170872332,0.5318313329999,300.0,0.99,0.99,0.99,0.01,0.01,0.0667009098914,0.083477758521086,0.8747070985527222,0.916522241478914,0.0,0.0,0.0
majority,0.35,0,300,12,2979,1113,630,all,1.0,coordinated,0.839047619047619,0.8306571428571429,0.8235402798250868,0.8144444444444444,0.3117825430444221,0.2486247649994766,300.0,0.99,0.99,0.99,0.01,0.01,0.1071323745230408,0.1357596764875794,0.8038688876947877,0.8642403235124205,0.0,0.0,0.0
no_repair,0.35,0,300,12,2979,1113,630,all,1.0,coordinated,0.4652380952380952,0.4605857142857142,1.1966280010799604,0.4588888888888889,0.0,0.1799069290000261,300.0,0.99,0.99,0.99,0.01,0.01,0.4965512180804227,0.2222703639514731,0.4431369321922317,0.7777296360485269,0.0,0.0,0.0
outlier_removal,0.35,0,300,12,2979,1113,630,all,1.0,coordinated,0.8438095238095238,0.8353714285714285,0.8201757403647442,0.9777777777777776,0.3145942267567422,0.6880297259995132,300.0,0.99,0.99,0.99,0.01,0.01,0.107719401232756,0.1226169844020797,0.8053824738167837,0.8773830155979203,0.0,0.0,0.0
parc,0.35,0,300,12,2979,1113,630,all,1.0,coordinated,0.9704761904761904,0.9607714285714286,0.0454688657842605,1.0,0.962002505588015,1.3020067769994057,300.0,0.99,0.99,0.99,0.01,0.01,0.0150425594364543,0.0127094165222414,0.9708848174975144,0.9872905834777586,1.0,0.3333333333333333,0.5
provenance_unaware,0.35,0,300,12,2979,1113,630,all,1.0,coordinated,0.79,0.7821,1.0118433827953388,0.7955555555555556,0.1544211050701244,0.2119035350006015,300.0,0.99,0.99,0.99,0.01,0.01,0.1580569415908423,0.1717215482380127,0.7269615920902522,0.8282784517619873,0.0,0.0,0.0
random_weighting,0.35,0,300,12,2979,1113,630,all,1.0,coordinated,0.7847619047619048,0.7769142857142857,0.9464889696539373,0.8044444444444444,0.2090365854720698,0.2269834970002193,300.0,0.99,0.99,0.99,0.01,0.01,0.1602582917522747,0.1593009820912767,0.7271705184259838,0.8406990179087233,0.0,0.0,0.0
rule_only,0.35,0,300,12,2979,1113,630,all,1.0,coordinated,0.8438095238095238,0.8353714285714285,0.8235402798250868,0.9777777777777776,0.3117825430444221,0.255729899000471,300.0,0.99,0.99,0.99,0.01,0.01,0.107719401232756,0.1224725592143269,0.805408271474019,0.877527440785673,0.0,0.0,0.0
source_dependence,0.35,0,300,12,2979,1113,630,all,1.0,coordinated,0.9504761904761904,0.9409714285714286,0.0908087953310518,0.98,0.924112760816982,0.3366707859995586,300.0,0.99,0.99,0.99,0.01,0.01,0.0251687701790431,0.0307625649913344,0.9513751063226538,0.9692374350086655,1.0,0.3333333333333333,0.5
standard_fd,0.35,0,300,12,2979,1113,630,all,1.0,coordinated,0.8438095238095238,0.8353714285714285,0.8235402798250868,0.9777777777777776,0.3117825430444221,0.3595896910001102,300.0,0.99,0.99,0.99,0.01,0.01,0.107719401232756,0.1224725592143269,0.805408271474019,0.877527440785673,0.0,0.0,0.0
dependency_truth,0.35,1,300,12,2867,1016,579,all,1.0,coordinated,0.949047619047619,0.9237396825396824,0.0455454152525838,1.0,0.9663609852009032,1.0697060769998643,300.0,0.9733333333333334,0.9733333333333334,0.9733333333333334,0.0266666666666666,0.0266666666666666,0.0196944735659727,0.0139638210092034,0.9593947815346612,0.9860361789907964,1.0,0.4444444444444444,0.6153846153846153
iterative_truth,0.35,1,300,12,2867,1016,579,all,1.0,coordinated,0.81,0.7884000000000001,0.9299185385904924,0.9888888888888888,0.3131790915041533,0.5356041350005398,300.0,0.9733333333333334,0.9733333333333334,0.9733333333333334,0.0266666666666666,0.0266666666666666,0.1378613149618092,0.1732783243414788,0.7389022833640618,0.8267216756585211,0.0,0.0,0.0
majority,0.35,1,300,12,2867,1016,579,all,1.0,coordinated,0.8366666666666667,0.8143555555555556,0.5631641283964636,0.8455555555555556,0.5840572241050219,0.2469656760003999,300.0,0.9733333333333334,0.9733333333333334,0.9733333333333334,0.0266666666666666,0.0266666666666666,0.1016174928860266,0.1729609647730879,0.7934236565687319,0.8270390352269121,0.0,0.0,0.0
no_repair,0.35,1,300,12,2867,1016,579,all,1.0,coordinated,0.4919047619047619,0.4787873015873016,1.3539461700824382,0.5244444444444445,0.0,0.1823857350000253,300.0,0.9733333333333334,0.9733333333333334,0.9733333333333334,0.0266666666666666,0.0266666666666666,0.4627826868354051,0.2521421770866391,0.432663178187827,0.7478578229133609,0.0,0.0,0.0
outlier_removal,0.35,1,300,12,2867,1016,579,all,1.0,coordinated,0.8433333333333334,0.8208444444444445,0.5631641283964636,0.9855555555555556,0.5840572241050219,0.3217900210001971,300.0,0.9733333333333334,0.9733333333333334,0.9733333333333334,0.0266666666666666,0.0266666666666666,0.1001198142878538,0.156934306569343,0.7989473684210526,0.843065693430657,0.0,0.0,0.0
parc,0.35,1,300,12,2867,1016,579,all,1.0,coordinated,0.9504761904761904,0.9251301587301588,0.0687393781231834,1.0,0.9492303463445684,0.7597065039999507,300.0,0.9733333333333334,0.9733333333333334,0.9733333333333334,0.0266666666666666,0.0266666666666666,0.0181967949677999,0.0145985401459854,0.9623430962343096,0.9854014598540146,1.0,0.4444444444444444,0.6153846153846153
provenance_unaware,0.35,1,300,12,2867,1016,579,all,1.0,coordinated,0.7328571428571429,0.7133142857142858,1.1782631876966323,0.7777777777777778,0.129756253437394,0.2249386479998065,300.0,0.9733333333333334,0.9733333333333334,0.9733333333333334,0.0266666666666666,0.0266666666666666,0.2087015126553841,0.2307204062202475,0.6349705304518664,0.7692795937797524,0.0,0.0,0.0
random_weighting,0.35,1,300,12,2867,1016,579,all,1.0,coordinated,0.799047619047619,0.7777396825396825,0.7854638909847177,0.8244444444444444,0.4198706652149303,0.2028855480002676,300.0,0.9733333333333334,0.9733333333333334,0.9733333333333334,0.0266666666666666,0.0266666666666666,0.1394338774898906,0.1781973976515392,0.7355489277091323,0.8218026023484608,0.0,0.0,0.0
rule_only,0.35,1,300,12,2867,1016,579,all,1.0,coordinated,0.8433333333333334,0.8208444444444445,0.5631641283964636,0.9855555555555556,0.5840572241050219,0.2180074759999115,300.0,0.9733333333333334,0.9733333333333334,0.9733333333333334,0.0266666666666666,0.0266666666666666,0.1001198142878538,0.156934306569343,0.7989473684210526,0.843065693430657,0.0,0.0,0.0
source_dependence,0.35,1,300,12,2867,1016,579,all,1.0,coordinated,0.9266666666666666,0.9019555555555556,0.102530134406494,0.9644444444444444,0.92427310873057,0.3039349829996354,300.0,0.9733333333333334,0.9733333333333334,0.9733333333333334,0.0266666666666666,0.0266666666666666,0.0333982327392541,0.0426848619485877,0.9311622163914184,0.9573151380514122,1.0,0.4444444444444444,0.6153846153846153
standard_fd,0.35,1,300,12,2867,1016,579,all,1.0,coordinated,0.8433333333333334,0.8208444444444445,0.5631641283964636,0.9855555555555556,0.5840572241050219,0.2342609729994365,300.0,0.9733333333333334,0.9733333333333334,0.9733333333333334,0.0266666666666666,0.0266666666666666,0.1001198142878538,0.156934306569343,0.7989473684210526,0.843065693430657,0.0,0.0,0.0
dependency_truth,0.35,2,300,12,2958,1073,615,all,1.0,coordinated,0.9695238095238096,0.9598285714285716,0.071828586376466,1.0,0.9469704420108302,0.6466616830002749,300.0,0.99,0.99,0.99,0.01,0.01,0.0174210839785586,0.0125,0.9677907777013076,0.9875,1.0,0.4444444444444444,0.6153846153846153
iterative_truth,0.35,2,300,12,2958,1073,615,all,1.0,coordinated,0.8342857142857143,0.8259428571428572,1.1243706421124524,0.9944444444444444,0.1699004369274642,0.4868364819994895,300.0,0.99,0.99,0.99,0.01,0.01,0.1202352590827873,0.1495786516853932,0.7894393741851369,0.8504213483146067,0.0,0.0,0.0
majority,0.35,2,300,12,2958,1073,615,all,1.0,coordinated,0.8552380952380952,0.8466857142857143,0.8692805609048322,0.84,0.3582281618107374,0.2440160200003447,300.0,0.99,0.99,0.99,0.01,0.01,0.0954437164979154,0.146067415730337,0.8258625373539799,0.8539325842696629,0.0,0.0,0.0
no_repair,0.35,2,300,12,2958,1073,615,all,1.0,coordinated,0.459047619047619,0.4544571428571428,1.3545009443815388,0.4255555555555556,0.0,0.1678808699998626,300.0,0.99,0.99,0.99,0.01,0.01,0.4845145920190589,0.2535112359550562,0.4495474921762666,0.7464887640449438,0.0,0.0,0.0
outlier_removal,0.35,2,300,12,2958,1073,615,all,1.0,coordinated,0.8566666666666667,0.8481,0.8692805609048322,0.9833333333333332,0.3582281618107374,0.2799568649998036,300.0,0.99,0.99,0.99,0.01,0.01,0.0998362120309708,0.1348314606741573,0.8212238368217571,0.8651685393258427,0.0,0.0,0.0
parc,0.35,2,300,12,2958,1073,615,all,1.0,coordinated,0.97,0.9603,0.071828586376466,1.0,0.9469704420108302,0.7128806210002949,300.0,0.99,0.99,0.99,0.01,0.01,0.0171232876712328,0.0123595505617977,0.9683282842192232,0.9876404494382024,1.0,0.4444444444444444,0.6153846153846153
provenance_unaware,0.35,2,300,12,2958,1073,615,all,1.0,coordinated,0.7480952380952381,0.7406142857142858,1.4306679160439644,0.7844444444444445,-0.0562324980121762,0.1906039840005178,300.0,0.99,0.99,0.99,0.01,0.01,0.1917808219178082,0.2103932584269663,0.6857770187850696,0.7896067415730337,0.0,0.0,0.0
random_weighting,0.35,2,300,12,2958,1073,615,all,1.0,coordinated,0.8023809523809524,0.7943571428571429,1.1709479478001537,0.83,0.1355133766002613,0.1931562229992778,300.0,0.99,0.99,0.99,0.01,0.01,0.1443567599761763,0.1647471910112359,0.7541212274917576,0.8352528089887641,0.0,0.0,0.0
rule_only,0.35,2,300,12,2958,1073,615,all,1.0,coordinated,0.8566666666666667,0.8481,0.8692805609048322,0.9833333333333332,0.3582281618107374,0.1964441720001559,300.0,0.99,0.99,0.99,0.01,0.01,0.0998362120309708,0.1348314606741573,0.8212238368217571,0.8651685393258427,0.0,0.0,0.0
source_dependence,0.35,2,300,12,2958,1073,615,all,1.0,coordinated,0.95,0.9405,0.097349328312558,0.9766666666666668,0.9281290066896132,0.2834652989995447,300.0,0.99,0.99,0.99,0.01,0.01,0.026801667659321,0.0355337078651685,0.950186799501868,0.9644662921348316,1.0,0.4444444444444444,0.6153846153846153
standard_fd,0.35,2,300,12,2958,1073,615,all,1.0,coordinated,0.8566666666666667,0.8481,0.8692805609048322,0.9833333333333332,0.3582281618107374,0.227455094999641,300.0,0.99,0.99,0.99,0.01,0.01,0.0998362120309708,0.1348314606741573,0.8212238368217571,0.8651685393258427,0.0,0.0,0.0
dependency_truth,0.35,3,300,12,2987,1093,624,all,1.0,coordinated,0.9828571428571428,0.9697523809523813,0.0285400452146336,1.0,0.98169172294727,0.8678157730000748,300.0,0.9866666666666668,0.9866666666666668,0.9866666666666668,0.0133333333333333,0.0133333333333333,0.0014248058702001,0.0021283064761325,0.996962332928311,0.9978716935238674,1.0,0.5555555555555556,0.7142857142857143
iterative_truth,0.35,3,300,12,2987,1093,624,all,1.0,coordinated,0.9542857142857144,0.9415619047619048,0.1920632964034476,1.0,0.8767924852336272,0.5016249549998975,300.0,0.9866666666666668,0.9866666666666668,0.9866666666666668,0.0133333333333333,0.0133333333333333,0.0170264301488922,0.0386135603526907,0.9635837269541369,0.9613864396473092,0.0,0.0,0.0
majority,0.35,3,300,12,2987,1093,624,all,1.0,coordinated,0.8571428571428571,0.8457142857142858,0.6544266370130306,0.8644444444444445,0.5801890259452855,0.2355839399997421,300.0,0.9866666666666668,0.9866666666666668,0.9866666666666668,0.0133333333333333,0.0133333333333333,0.0876968013108214,0.1316509577379142,0.8226991214172548,0.8683490422620858,0.0,0.0,0.0
no_repair,0.35,3,300,12,2987,1093,624,all,1.0,coordinated,0.459047619047619,0.4529269841269842,1.558860242961963,0.4511111111111111,0.0,0.1558421330000783,300.0,0.9866666666666668,0.9866666666666668,0.9866666666666668,0.0133333333333333,0.0133333333333333,0.4827242288238227,0.2816965643052599,0.4108338405356056,0.7183034356947401,0.0,0.0,0.0
outlier_removal,0.35,3,300,12,2987,1093,624,all,1.0,coordinated,0.8557142857142858,0.8443047619047621,0.6544266370130306,0.9822222222222222,0.5801890259452855,0.6168505719997484,300.0,0.9866666666666668,0.9866666666666668,0.9866666666666668,0.0133333333333333,0.0133333333333333,0.0920424592149319,0.1191851626634235,0.8176686423934518,0.8808148373365765,0.0,0.0,0.0
parc,0.35,3,300,12,2987,1093,624,all,1.0,coordinated,0.9823809523809524,0.9692825396825396,0.0285400452146336,1.0,0.98169172294727,0.7062261500004752,300.0,0.9866666666666668,0.9866666666666668,0.9866666666666668,0.0133333333333333,0.0133333333333333,0.0018522476312602,0.0027363940407418,0.9960522320072882,0.997263605959258,1.0,0.5555555555555556,0.7142857142857143
provenance_unaware,0.35,3,300,12,2987,1093,624,all,1.0,coordinated,0.8266666666666667,0.8156444444444445,0.7584213487003845,0.8444444444444444,0.513477008523021,0.1939429209996888,300.0,0.9866666666666668,0.9866666666666668,0.9866666666666668,0.0133333333333333,0.0133333333333333,0.1135570278549547,0.1546062633019155,0.7772187281621243,0.8453937366980845,0.0,0.0,0.0
random_weighting,0.35,3,300,12,2987,1093,624,all,1.0,coordinated,0.8019047619047619,0.7912126984126985,1.2799134915358723,0.8422222222222222,0.1789427581372329,0.2013660439997693,300.0,0.9866666666666668,0.9866666666666668,0.9866666666666668,0.0133333333333333,0.0133333333333333,0.1459713614020089,0.1597750076010945,0.7295406546990496,0.8402249923989055,0.0,0.0,0.0
rule_only,0.35,3,300,12,2987,1093,624,all,1.0,coordinated,0.8557142857142858,0.8443047619047621,0.6544266370130306,0.9822222222222222,0.5801890259452855,0.196152346999952,300.0,0.9866666666666668,0.9866666666666668,0.9866666666666668,0.0133333333333333,0.0133333333333333,0.0920424592149319,0.1191851626634235,0.8176686423934518,0.8808148373365765,0.0,0.0,0.0
source_dependence,0.35,3,300,12,2987,1093,624,all,1.0,coordinated,0.9733333333333334,0.9603555555555556,0.0396883008034206,0.9833333333333332,0.9745401802486092,0.2785499480005455,300.0,0.9866666666666668,0.9866666666666668,0.9866666666666668,0.0133333333333333,0.0133333333333333,0.0050580608392106,0.013529948312557,0.9891768292682926,0.986470051687443,1.0,0.5555555555555556,0.7142857142857143
standard_fd,0.35,3,300,12,2987,1093,624,all,1.0,coordinated,0.8557142857142858,0.8443047619047621,0.6544266370130306,0.9822222222222222,0.5801890259452855,0.194714025000394,300.0,0.9866666666666668,0.9866666666666668,0.9866666666666668,0.0133333333333333,0.0133333333333333,0.0920424592149319,0.1191851626634235,0.8176686423934518,0.8808148373365765,0.0,0.0,0.0
dependency_truth,0.35,4,300,12,2814,1021,573,all,1.0,coordinated,0.9647619047619048,0.9486825396825396,0.0400766937388619,1.0,0.972668644008809,0.6235881759999984,300.0,0.9833333333333332,0.9833333333333332,0.9833333333333332,0.0166666666666666,0.0166666666666666,0.0190064794816414,0.0052327679538072,0.9543015405920028,0.9947672320461928,1.0,0.3333333333333333,0.5
iterative_truth,0.35,4,300,12,2814,1021,573,all,1.0,coordinated,0.9371428571428572,0.9215238095238096,0.2306323139802966,0.9988888888888888,0.8427142239441978,0.4846122650000097,300.0,0.9833333333333332,0.9833333333333332,0.9833333333333332,0.0166666666666666,0.0166666666666666,0.0363570914326853,0.064958498736918,0.9112009847019518,0.935041501263082,0.0,0.0,0.0
majority,0.35,4,300,12,2814,1021,573,all,1.0,coordinated,0.8790476190476191,0.8643968253968254,0.5843642960697966,0.89,0.6014773896146541,0.2121493719999989,300.0,0.9833333333333332,0.9833333333333332,0.9833333333333332,0.0166666666666666,0.0166666666666666,0.0786897048236141,0.1521111512089498,0.8112914364640884,0.8478888487910502,0.0,0.0,0.0
no_repair,0.35,4,300,12,2814,1021,573,all,1.0,coordinated,0.489047619047619,0.4808968253968254,1.4663265793244546,0.53,0.0,0.1728702070000167,300.0,0.9833333333333332,0.9833333333333332,0.9833333333333332,0.0166666666666666,0.0166666666666666,0.4752339812814974,0.3007939372067845,0.3698930889652539,0.6992060627932154,0.0,0.0,0.0
outlier_removal,0.35,4,300,12,2814,1021,573,all,1.0,coordinated,0.8833333333333333,0.868611111111111,0.5843642960697966,0.9922222222222222,0.6014773896146541,0.2911958629999844,300.0,0.9833333333333332,0.9833333333333332,0.9833333333333332,0.0166666666666666,0.0166666666666666,0.0760259179265658,0.134788884879105,0.8195180311057939,0.865211115120895,0.0,0.0,0.0
parc,0.35,4,300,12,2814,1021,573,all,1.0,coordinated,0.9652380952380952,0.9491507936507936,0.0398012036747445,1.0,0.9728565217080896,0.6810986680000042,300.0,0.9833333333333332,0.9833333333333332,0.9833333333333332,0.0166666666666666,0.0166666666666666,0.0187904967602591,0.005052327679538,0.9548051948051948,0.994947672320462,1.0,0.3333333333333333,0.5
provenance_unaware,0.35,4,300,12,2814,1021,573,all,1.0,coordinated,0.840952380952381,0.826936507936508,0.8356041239547086,0.8644444444444445,0.4301377771248773,0.1876835090000099,300.0,0.9833333333333332,0.9833333333333332,0.9833333333333332,0.0166666666666666,0.0166666666666666,0.1087113030957523,0.1932515337423312,0.7475338572145126,0.8067484662576687,0.0,0.0,0.0
random_weighting,0.35,4,300,12,2814,1021,573,all,1.0,coordinated,0.8538095238095238,0.839579365079365,0.5879701648588747,0.8722222222222222,0.5990182724985071,0.1806019400000309,300.0,0.9833333333333332,0.9833333333333332,0.9833333333333332,0.0166666666666666,0.0166666666666666,0.1032397408207343,0.1651028509563334,0.7634053786503877,0.8348971490436665,0.0,0.0,0.0
rule_only,0.35,4,300,12,2814,1021,573,all,1.0,coordinated,0.8833333333333333,0.868611111111111,0.5843642960697966,0.9922222222222222,0.6014773896146541,0.1966452359999948,300.0,0.9833333333333332,0.9833333333333332,0.9833333333333332,0.0166666666666666,0.0166666666666666,0.0760259179265658,0.134788884879105,0.8195180311057939,0.865211115120895,0.0,0.0,0.0
source_dependence,0.35,4,300,12,2814,1021,573,all,1.0,coordinated,0.9538095238095238,0.9379126984126984,0.0483022820858348,0.9788888888888888,0.96705898756327,0.2729915090000077,300.0,0.9833333333333332,0.9833333333333332,0.9833333333333332,0.0166666666666666,0.0166666666666666,0.0244780417566594,0.0294117647058823,0.9405490470361952,0.9705882352941176,1.0,0.3333333333333333,0.5
standard_fd,0.35,4,300,12,2814,1021,573,all,1.0,coordinated,0.8833333333333333,0.868611111111111,0.5843642960697966,0.9922222222222222,0.6014773896146541,0.191532890000019,300.0,0.9833333333333332,0.9833333333333332,0.9833333333333332,0.0166666666666666,0.0166666666666666,0.0760259179265658,0.134788884879105,0.8195180311057939,0.865211115120895,0.0,0.0,0.0
